pool,dataset_index,image_file,color_condition,tallest_side,shortest_side,lightest_side
real,0,barchart_00_same.png,same,left,left,left
real,0,barchart_00_double.png,double,left,left,left
real,0,barchart_00_random.png,random,left,left,left
real,1,barchart_01_same.png,same,left,right,right
real,1,barchart_01_double.png,double,left,right,right
real,1,barchart_01_random.png,random,left,right,right
real,2,barchart_02_same.png,same,right,right,right
real,2,barchart_02_double.png,double,right,right,right
real,2,barchart_02_random.png,random,right,right,right
real,3,barchart_03_same.png,same,right,left,left
real,3,barchart_03_double.png,double,right,left,left
real,3,barchart_03_random.png,random,right,left,left
real,4,barchart_04_same.png,same,right,left,left
real,4,barchart_04_double.png,double,right,left,left
real,4,barchart_04_random.png,random,right,left,left
real,5,barchart_05_same.png,same,right,right,right
real,5,barchart_05_double.png,double,right,right,right
real,5,barchart_05_random.png,random,right,right,right
real,6,barchart_06_same.png,same,right,right,right
real,6,barchart_06_double.png,double,right,right,right
real,6,barchart_06_random.png,random,right,right,right
real,7,barchart_07_same.png,same,left,left,left
real,7,barchart_07_double.png,double,left,left,left
real,7,barchart_07_random.png,random,left,left,left
real,8,barchart_08_same.png,same,left,left,left
real,8,barchart_08_double.png,double,left,left,left
real,8,barchart_08_random.png,random,left,left,left
real,9,barchart_09_same.png,same,right,left,left
real,9,barchart_09_double.png,double,right,left,left
real,9,barchart_09_random.png,random,right,left,left
real,10,barchart_10_same.png,same,right,left,left
real,10,barchart_10_double.png,double,right,left,left
real,10,barchart_10_random.png,random,right,left,left
real,11,barchart_11_same.png,same,left,right,right
real,11,barchart_11_double.png,double,left,right,right
real,11,barchart_11_random.png,random,left,right,right
real,12,barchart_12_same.png,same,left,left,left
real,12,barchart_12_double.png,double,left,left,left
real,12,barchart_12_random.png,random,left,left,left
real,13,barchart_13_same.png,same,left,left,left
real,13,barchart_13_double.png,double,left,left,left
real,13,barchart_13_random.png,random,left,left,left
real,14,barchart_14_same.png,same,left,right,right
real,14,barchart_14_double.png,double,left,right,right
real,14,barchart_14_random.png,random,left,right,right
real,15,barchart_15_same.png,same,right,right,right
real,15,barchart_15_double.png,double,right,right,right
real,15,barchart_15_random.png,random,right,right,right
real,16,barchart_16_same.png,same,right,right,right
real,16,barchart_16_double.png,double,right,right,right
real,16,barchart_16_random.png,random,right,right,right
real,17,barchart_17_same.png,same,right,right,right
real,17,barchart_17_double.png,double,right,right,right
real,17,barchart_17_random.png,random,right,right,right
real,18,barchart_18_same.png,same,right,right,right
real,18,barchart_18_double.png,double,right,right,right
real,18,barchart_18_random.png,random,right,right,right
real,19,barchart_19_same.png,same,left,left,left
real,19,barchart_19_double.png,double,left,left,left
real,19,barchart_19_random.png,random,left,left,left
real,20,barchart_20_same.png,same,right,left,left
real,20,barchart_20_double.png,double,right,left,left
real,20,barchart_20_random.png,random,right,left,left
real,21,barchart_21_same.png,same,right,right,right
real,21,barchart_21_double.png,double,right,right,right
real,21,barchart_21_random.png,random,right,right,right
real,22,barchart_22_same.png,same,left,right,right
real,22,barchart_22_double.png,double,left,right,right
real,22,barchart_22_random.png,random,left,right,right
real,23,barchart_23_same.png,same,left,right,right
real,23,barchart_23_double.png,double,left,right,right
real,23,barchart_23_random.png,random,left,right,right
real,24,barchart_24_same.png,same,left,left,left
real,24,barchart_24_double.png,double,left,left,left
real,24,barchart_24_random.png,random,left,left,left
real,25,barchart_25_same.png,same,right,left,left
real,25,barchart_25_double.png,double,right,left,left
real,25,barchart_25_random.png,random,right,left,left
real,26,barchart_26_same.png,same,right,left,left
real,26,barchart_26_double.png,double,right,left,left
real,26,barchart_26_random.png,random,right,left,left
real,27,barchart_27_same.png,same,left,left,left
real,27,barchart_27_double.png,double,left,left,left
real,27,barchart_27_random.png,random,left,left,left
real,28,barchart_28_same.png,same,right,right,right
real,28,barchart_28_double.png,double,right,right,right
real,28,barchart_28_random.png,random,right,right,right
real,29,barchart_29_same.png,same,left,right,right
real,29,barchart_29_double.png,double,left,right,right
real,29,barchart_29_random.png,random,left,right,right
real,30,barchart_30_same.png,same,left,right,right
real,30,barchart_30_double.png,double,left,right,right
real,30,barchart_30_random.png,random,left,right,right
real,31,barchart_31_same.png,same,left,right,right
real,31,barchart_31_double.png,double,left,right,right
real,31,barchart_31_random.png,random,left,right,right
real,32,barchart_32_same.png,same,right,right,right
real,32,barchart_32_double.png,double,right,right,right
real,32,barchart_32_random.png,random,right,right,right
real,33,barchart_33_same.png,same,left,right,right
real,33,barchart_33_double.png,double,left,right,right
real,33,barchart_33_random.png,random,left,right,right
real,34,barchart_34_same.png,same,left,left,left
real,34,barchart_34_double.png,double,left,left,left
real,34,barchart_34_random.png,random,left,left,left
real,35,barchart_35_same.png,same,left,left,left
real,35,barchart_35_double.png,double,left,left,left
real,35,barchart_35_random.png,random,left,left,left
real,36,barchart_36_same.png,same,left,left,left
real,36,barchart_36_double.png,double,left,left,left
real,36,barchart_36_random.png,random,left,left,left
real,37,barchart_37_same.png,same,left,left,left
real,37,barchart_37_double.png,double,left,left,left
real,37,barchart_37_random.png,random,left,left,left
real,38,barchart_38_same.png,same,right,left,left
real,38,barchart_38_double.png,double,right,left,left
real,38,barchart_38_random.png,random,right,left,left
real,39,barchart_39_same.png,same,right,right,right
real,39,barchart_39_double.png,double,right,right,right
real,39,barchart_39_random.png,random,right,right,right
real,40,barchart_40_same.png,same,left,right,right
real,40,barchart_40_double.png,double,left,right,right
real,40,barchart_40_random.png,random,left,right,right
real,41,barchart_41_same.png,same,right,right,right
real,41,barchart_41_double.png,double,right,right,right
real,41,barchart_41_random.png,random,right,right,right
real,42,barchart_42_same.png,same,right,right,right
real,42,barchart_42_double.png,double,right,right,right
real,42,barchart_42_random.png,random,right,right,right
real,43,barchart_43_same.png,same,right,left,left
real,43,barchart_43_double.png,double,right,left,left
real,43,barchart_43_random.png,random,right,left,left
real,44,barchart_44_same.png,same,right,left,left
real,44,barchart_44_double.png,double,right,left,left
real,44,barchart_44_random.png,random,right,left,left
real,45,barchart_45_same.png,same,left,left,left
real,45,barchart_45_double.png,double,left,left,left
real,45,barchart_45_random.png,random,left,left,left
real,46,barchart_46_same.png,same,right,left,left
real,46,barchart_46_double.png,double,right,left,left
real,46,barchart_46_random.png,random,right,left,left
real,47,barchart_47_same.png,same,right,left,left
real,47,barchart_47_double.png,double,right,left,left
real,47,barchart_47_random.png,random,right,left,left
real,48,barchart_48_same.png,same,right,right,right
real,48,barchart_48_double.png,double,right,right,right
real,48,barchart_48_random.png,random,right,right,right
real,49,barchart_49_same.png,same,left,right,right
real,49,barchart_49_double.png,double,left,right,right
real,49,barchart_49_random.png,random,left,right,right
real,50,barchart_50_same.png,same,right,right,right
real,50,barchart_50_double.png,double,right,right,right
real,50,barchart_50_random.png,random,right,right,right
real,51,barchart_51_same.png,same,left,right,right
real,51,barchart_51_double.png,double,left,right,right
real,51,barchart_51_random.png,random,left,right,right
real,52,barchart_52_same.png,same,right,right,right
real,52,barchart_52_double.png,double,right,right,right
real,52,barchart_52_random.png,random,right,right,right
real,53,barchart_53_same.png,same,left,right,right
real,53,barchart_53_double.png,double,left,right,right
real,53,barchart_53_random.png,random,left,right,right
real,54,barchart_54_same.png,same,right,left,left
real,54,barchart_54_double.png,double,right,left,left
real,54,barchart_54_random.png,random,right,left,left
real,55,barchart_55_same.png,same,left,left,left
real,55,barchart_55_double.png,double,left,left,left
real,55,barchart_55_random.png,random,left,left,left
real,56,barchart_56_same.png,same,left,left,left
real,56,barchart_56_double.png,double,left,left,left
real,56,barchart_56_random.png,random,left,left,left
real,57,barchart_57_same.png,same,left,right,right
real,57,barchart_57_double.png,double,left,right,right
real,57,barchart_57_random.png,random,left,right,right
real,58,barchart_58_same.png,same,right,left,left
real,58,barchart_58_double.png,double,right,left,left
real,58,barchart_58_random.png,random,right,left,left
real,59,barchart_59_same.png,same,left,left,left
real,59,barchart_59_double.png,double,left,left,left
real,59,barchart_59_random.png,random,left,left,left
real,60,barchart_60_same.png,same,right,right,right
real,60,barchart_60_double.png,double,right,right,right
real,60,barchart_60_random.png,random,right,right,right
real,61,barchart_61_same.png,same,left,left,left
real,61,barchart_61_double.png,double,left,left,left
real,61,barchart_61_random.png,random,left,left,left
real,62,barchart_62_same.png,same,right,right,right
real,62,barchart_62_double.png,double,right,right,right
real,62,barchart_62_random.png,random,right,right,right
real,63,barchart_63_same.png,same,left,right,right
real,63,barchart_63_double.png,double,left,right,right
real,63,barchart_63_random.png,random,left,right,right
real,64,barchart_64_same.png,same,left,left,left
real,64,barchart_64_double.png,double,left,left,left
real,64,barchart_64_random.png,random,left,left,left
real,65,barchart_65_same.png,same,right,right,right
real,65,barchart_65_double.png,double,right,right,right
real,65,barchart_65_random.png,random,right,right,right
real,66,barchart_66_same.png,same,right,left,left
real,66,barchart_66_double.png,double,right,left,left
real,66,barchart_66_random.png,random,right,left,left
real,67,barchart_67_same.png,same,right,left,left
real,67,barchart_67_double.png,double,right,left,left
real,67,barchart_67_random.png,random,right,left,left
real,68,barchart_68_same.png,same,right,right,right
real,68,barchart_68_double.png,double,right,right,right
real,68,barchart_68_random.png,random,right,right,right
real,69,barchart_69_same.png,same,left,right,right
real,69,barchart_69_double.png,double,left,right,right
real,69,barchart_69_random.png,random,left,right,right
real,70,barchart_70_same.png,same,left,right,right
real,70,barchart_70_double.png,double,left,right,right
real,70,barchart_70_random.png,random,left,right,right
real,71,barchart_71_same.png,same,right,left,left
real,71,barchart_71_double.png,double,right,left,left
real,71,barchart_71_random.png,random,right,left,left
real,72,barchart_72_same.png,same,left,right,right
real,72,barchart_72_double.png,double,left,right,right
real,72,barchart_72_random.png,random,left,right,right
real,73,barchart_73_same.png,same,right,left,left
real,73,barchart_73_double.png,double,right,left,left
real,73,barchart_73_random.png,random,right,left,left
real,74,barchart_74_same.png,same,right,left,left
real,74,barchart_74_double.png,double,right,left,left
real,74,barchart_74_random.png,random,right,left,left
real,75,barchart_75_same.png,same,left,left,left
real,75,barchart_75_double.png,double,left,left,left
real,75,barchart_75_random.png,random,left,left,left
real,76,barchart_76_same.png,same,right,left,left
real,76,barchart_76_double.png,double,right,left,left
real,76,barchart_76_random.png,random,right,left,left
real,77,barchart_77_same.png,same,left,left,left
real,77,barchart_77_double.png,double,left,left,left
real,77,barchart_77_random.png,random,left,left,left
real,78,barchart_78_same.png,same,left,right,right
real,78,barchart_78_double.png,double,left,right,right
real,78,barchart_78_random.png,random,left,right,right
real,79,barchart_79_same.png,same,right,right,right
real,79,barchart_79_double.png,double,right,right,right
real,79,barchart_79_random.png,random,right,right,right
real,80,barchart_80_same.png,same,left,left,left
real,80,barchart_80_double.png,double,left,left,left
real,80,barchart_80_random.png,random,left,left,left
real,81,barchart_81_same.png,same,left,left,left
real,81,barchart_81_double.png,double,left,left,left
real,81,barchart_81_random.png,random,left,left,left
real,82,barchart_82_same.png,same,left,right,right
real,82,barchart_82_double.png,double,left,right,right
real,82,barchart_82_random.png,random,left,right,right
real,83,barchart_83_same.png,same,left,left,left
real,83,barchart_83_double.png,double,left,left,left
real,83,barchart_83_random.png,random,left,left,left
real,84,barchart_84_same.png,same,right,right,right
real,84,barchart_84_double.png,double,right,right,right
real,84,barchart_84_random.png,random,right,right,right
real,85,barchart_85_same.png,same,left,left,left
real,85,barchart_85_double.png,double,left,left,left
real,85,barchart_85_random.png,random,left,left,left
real,86,barchart_86_same.png,same,left,right,right
real,86,barchart_86_double.png,double,left,right,right
real,86,barchart_86_random.png,random,left,right,right
real,87,barchart_87_same.png,same,right,left,left
real,87,barchart_87_double.png,double,right,left,left
real,87,barchart_87_random.png,random,right,left,left
real,88,barchart_88_same.png,same,right,left,left
real,88,barchart_88_double.png,double,right,left,left
real,88,barchart_88_random.png,random,right,left,left
real,89,barchart_89_same.png,same,left,right,right
real,89,barchart_89_double.png,double,left,right,right
real,89,barchart_89_random.png,random,left,right,right
real,90,barchart_90_same.png,same,right,left,left
real,90,barchart_90_double.png,double,right,left,left
real,90,barchart_90_random.png,random,right,left,left
real,91,barchart_91_same.png,same,left,right,right
real,91,barchart_91_double.png,double,left,right,right
real,91,barchart_91_random.png,random,left,right,right
real,92,barchart_92_same.png,same,right,right,right
real,92,barchart_92_double.png,double,right,right,right
real,92,barchart_92_random.png,random,right,right,right
real,93,barchart_93_same.png,same,left,right,right
real,93,barchart_93_double.png,double,left,right,right
real,93,barchart_93_random.png,random,left,right,right
real,94,barchart_94_same.png,same,right,right,right
real,94,barchart_94_double.png,double,right,right,right
real,94,barchart_94_random.png,random,right,right,right
real,95,barchart_95_same.png,same,right,left,left
real,95,barchart_95_double.png,double,right,left,left
real,95,barchart_95_random.png,random,right,left,left
practice,96,barchart_96_same.png,same,left,left,left
practice,96,barchart_96_double.png,double,left,left,left
practice,96,barchart_96_random.png,random,left,left,left
practice,97,barchart_97_same.png,same,right,right,right
practice,97,barchart_97_double.png,double,right,right,right
practice,97,barchart_97_random.png,random,right,right,right
practice,98,barchart_98_same.png,same,right,left,left
practice,98,barchart_98_double.png,double,right,left,left
practice,98,barchart_98_random.png,random,right,left,left
practice,99,barchart_99_same.png,same,left,right,right
practice,99,barchart_99_double.png,double,left,right,right
practice,99,barchart_99_random.png,random,left,right,right
practice,100,barchart_100_same.png,same,left,right,right
practice,100,barchart_100_double.png,double,left,right,right
practice,100,barchart_100_random.png,random,left,right,right
practice,101,barchart_101_same.png,same,right,left,left
practice,101,barchart_101_double.png,double,right,left,left
practice,101,barchart_101_random.png,random,right,left,left
practice,102,barchart_102_same.png,same,right,right,right
practice,102,barchart_102_double.png,double,right,right,right
practice,102,barchart_102_random.png,random,right,right,right
practice,103,barchart_103_same.png,same,left,left,left
practice,103,barchart_103_double.png,double,left,left,left
practice,103,barchart_103_random.png,random,left,left,left
practice,104,barchart_104_same.png,same,right,right,right
practice,104,barchart_104_double.png,double,right,right,right
practice,104,barchart_104_random.png,random,right,right,right
practice,105,barchart_105_same.png,same,right,left,left
practice,105,barchart_105_double.png,double,right,left,left
practice,105,barchart_105_random.png,random,right,left,left
practice,106,barchart_106_same.png,same,left,left,left
practice,106,barchart_106_double.png,double,left,left,left
practice,106,barchart_106_random.png,random,left,left,left
practice,107,barchart_107_same.png,same,left,right,right
practice,107,barchart_107_double.png,double,left,right,right
practice,107,barchart_107_random.png,random,left,right,right
