id,participant_id,hit,miss,false_alarm,correct_rejection,created_at
279,67aa52dcb66d138fca70a211,16,0,1,30,2026-03-18 14:58:16.6186863
280,63767a851344bd887e00249e,39,2,6,62,2026-03-18 15:12:18.4676190
281,5b5a822e1ad8270001c4f28d,26,10,1,71,2026-03-18 15:24:01.4946645
282,63dac3039dddeaa909a790fb,31,0,0,44,2026-03-18 15:29:11.5798281
283,6980e01bd642d128e0f16421,25,0,1,34,2026-03-18 15:39:56.9691285
284,663042c090c098dc6d09dbb6,83,1,2,118,2026-03-18 15:41:34.7839194
285,6995e36c4e1c1e43e0429cdd,17,4,1,35,2026-03-18 16:03:32.3344276
286,6405feae7d6321bfaaf793e8,18,0,0,46,2026-03-18 16:11:50.7203684
287,695fb0485e22f6e6da1dfe02,36,0,2,53,2026-03-18 16:12:55.6323841
288,5e1882adfd7db4158998b5f0,16,0,0,34,2026-03-18 16:26:06.2273446
289,5f4ee7ff2c5da213f015a27e,23,0,0,36,2026-03-18 16:27:16.1191980
290,67abd0ef6cf17e10092d518b,11,6,1,37,2026-03-18 16:39:43.7837868
291,60c770aa2d2928bfda4c7cd4,0,1,0,8,2026-03-18 16:46:17.7922569
292,5dec8925be656d35d4005320,23,0,0,31,2026-03-18 16:54:29.9602183
293,6942bb8aaecada175ecc2e2b,38,3,2,68,2026-03-18 17:08:04.8779425
294,5ce9bfc4d439ae00015968dd,44,4,4,47,2026-03-18 17:36:42.8922862
295,695ba43728aa6b767210fff6,34,4,1,49,2026-03-18 17:38:07.0411527
296,69810122d82c67a45b417ac6,32,1,2,30,2026-03-18 17:45:52.0873399
297,5dd31871c5faa232d3c20365,43,10,0,85,2026-03-18 18:06:30.8206064
