id,participant_id,response_time,correct,trial_number,stimuli_number,response,heatmap_condition,legend_condition,label_condition,attention,time_when
24319,test,1314,1,0,left-1,left,left-dark,dark-up,greater-up,dual,11:38:32_PM
24320,test,1151,1,1,left-2,right,left-dark,light-up,greater-up,dual,11:38:34_PM
24321,test,NULL,0,2,right-5,none,right-dark,light-up,greater-up,dual,11:38:38_PM
24322,test,NULL,0,3,left-0,none,left-dark,dark-up,greater-up,dual,11:38:40_PM
24323,test,1596,0,4,right-4,left,right-dark,light-up,fewer-up,dual,11:38:43_PM
24324,test,NULL,0,5,left-8,none,left-dark,light-up,greater-up,dual,11:38:47_PM
24325,test,1450,1,6,right-7,left,right-dark,light-up,greater-up,dual,11:38:50_PM
24326,test,748,1,7,right-5,right,right-dark,dark-up,greater-up,dual,11:38:52_PM
24327,test,1084,0,8,left-1,right,left-dark,light-up,fewer-up,dual,11:38:55_PM
24328,test,1696,1,9,left-9,left,left-dark,light-up,fewer-up,dual,11:38:59_PM
24329,test,NULL,0,10,right-6,none,right-dark,dark-up,fewer-up,dual,11:39:02_PM
24330,test,1528,1,11,left-7,left,left-dark,light-up,fewer-up,dual,11:39:06_PM
24331,test,1651,1,12,left-3,right,left-dark,dark-up,fewer-up,dual,11:39:09_PM
24332,test,1263,1,13,right-0,left,right-dark,light-up,greater-up,dual,11:39:12_PM
24333,test,NULL,0,14,left-6,none,left-dark,light-up,fewer-up,dual,11:39:15_PM
24334,test,1333,1,15,right-1,right,right-dark,light-up,fewer-up,dual,11:39:19_PM
24335,test,1307,1,16,right-1,left,right-dark,light-up,greater-up,dual,11:39:21_PM
24336,test,1211,1,17,left-0,right,left-dark,dark-up,fewer-up,dual,11:39:25_PM
24337,test,1050,1,18,right-2,right,right-dark,dark-up,greater-up,dual,11:39:28_PM
24338,test,1162,1,19,left-5,right,left-dark,light-up,greater-up,dual,11:39:30_PM
24339,test,NULL,0,20,left-7,none,left-dark,light-up,greater-up,dual,11:39:38_PM
24340,test,1077,1,21,left-3,left,left-dark,dark-up,greater-up,dual,11:39:40_PM
24341,test,1090,1,22,left-9,right,left-dark,dark-up,fewer-up,dual,11:39:42_PM
24342,test,NULL,0,23,left-5,none,left-dark,light-up,fewer-up,dual,11:39:45_PM
24343,test,1650,1,24,left-6,right,left-dark,dark-up,fewer-up,dual,11:39:49_PM
24344,test,819,1,25,right-8,right,right-dark,dark-up,greater-up,dual,11:39:52_PM
24345,test,1198,1,26,right-3,right,right-dark,light-up,fewer-up,dual,11:39:56_PM
24346,test,935,1,27,right-3,left,right-dark,light-up,greater-up,dual,11:39:58_PM
24347,test,727,1,28,right-4,right,right-dark,dark-up,greater-up,dual,11:40:02_PM
24348,test,1190,1,29,right-1,left,right-dark,dark-up,fewer-up,dual,11:40:05_PM
24349,test,1647,1,30,right-6,right,right-dark,light-up,fewer-up,dual,11:40:08_PM
24350,test,NULL,0,31,right-8,none,right-dark,dark-up,fewer-up,dual,11:40:10_PM
24351,test,1678,1,32,right-0,left,right-dark,dark-up,fewer-up,dual,11:40:13_PM
24352,test,1055,1,33,right-2,left,right-dark,light-up,greater-up,dual,11:40:17_PM
24353,test,956,1,34,right-8,left,right-dark,light-up,greater-up,dual,11:40:19_PM
24354,test,NULL,0,35,left-1,none,left-dark,dark-up,fewer-up,dual,11:40:21_PM
24355,test,1521,1,36,right-0,right,right-dark,light-up,fewer-up,dual,11:40:25_PM
24356,test,1311,1,37,left-0,left,left-dark,light-up,fewer-up,dual,11:40:28_PM
24357,test,1605,1,38,left-3,right,left-dark,light-up,greater-up,dual,11:40:31_PM
24358,test,995,1,39,right-3,right,right-dark,dark-up,greater-up,dual,11:40:33_PM
24359,test,1475,1,40,left-8,right,left-dark,dark-up,fewer-up,dual,11:40:44_PM
24360,test,1416,1,41,left-7,right,left-dark,dark-up,fewer-up,dual,11:40:48_PM
24361,test,1052,1,42,right-7,left,right-dark,dark-up,fewer-up,dual,11:40:51_PM
24362,test,976,1,43,left-6,left,left-dark,dark-up,greater-up,dual,11:40:55_PM
24363,test,1277,1,44,left-5,left,left-dark,dark-up,greater-up,dual,11:40:58_PM
24364,test,1439,1,45,right-6,right,right-dark,dark-up,greater-up,dual,11:41:00_PM
24365,test,1364,1,46,right-2,right,right-dark,light-up,fewer-up,dual,11:41:03_PM
24366,test,1103,1,47,left-5,right,left-dark,dark-up,fewer-up,dual,11:41:06_PM
24367,test,NULL,0,48,left-7,none,left-dark,dark-up,greater-up,dual,11:41:09_PM
24368,test,922,1,49,right-7,right,right-dark,dark-up,greater-up,dual,11:41:11_PM
24369,test,1286,1,50,right-4,left,right-dark,light-up,greater-up,dual,11:41:14_PM
24370,test,1086,1,51,left-4,right,left-dark,light-up,greater-up,dual,11:41:17_PM
24371,test,849,1,52,right-0,right,right-dark,dark-up,greater-up,dual,11:41:19_PM
24372,test,1148,1,53,right-4,left,right-dark,dark-up,fewer-up,dual,11:41:23_PM
24373,test,1107,0,54,right-2,right,right-dark,dark-up,fewer-up,dual,11:41:25_PM
24374,test,1254,1,55,right-9,right,right-dark,dark-up,greater-up,dual,11:41:29_PM
24375,test,1124,1,56,right-5,right,right-dark,light-up,fewer-up,dual,11:41:31_PM
24376,test,1576,1,57,left-8,left,left-dark,dark-up,greater-up,dual,11:41:34_PM
24377,test,1448,0,58,left-2,left,left-dark,dark-up,fewer-up,dual,11:41:38_PM
24378,test,1012,1,59,left-2,left,left-dark,dark-up,greater-up,dual,11:41:40_PM
24379,test,1277,0,60,left-9,left,left-dark,light-up,greater-up,dual,11:41:46_PM
24380,test,1319,0,61,left-0,left,left-dark,light-up,greater-up,dual,11:41:50_PM
24381,test,1064,1,62,right-1,right,right-dark,dark-up,greater-up,dual,11:41:53_PM
24382,test,1121,1,63,right-6,left,right-dark,light-up,greater-up,dual,11:41:56_PM
24383,test,1076,1,64,left-4,left,left-dark,dark-up,greater-up,dual,11:42:00_PM
24384,test,1187,1,65,right-8,right,right-dark,light-up,fewer-up,dual,11:42:02_PM
24385,test,1597,1,66,left-2,left,left-dark,light-up,fewer-up,dual,11:42:05_PM
24386,test,1644,1,67,left-8,left,left-dark,light-up,fewer-up,dual,11:42:08_PM
24387,test,1392,1,68,right-7,right,right-dark,light-up,fewer-up,dual,11:42:11_PM
24388,test,931,1,69,right-9,left,right-dark,light-up,greater-up,dual,11:42:13_PM
24389,test,926,1,70,left-6,right,left-dark,light-up,greater-up,dual,11:42:16_PM
24390,test,1104,1,71,left-4,right,left-dark,dark-up,fewer-up,dual,11:42:19_PM
24391,test,1238,1,72,right-9,right,right-dark,light-up,fewer-up,dual,11:42:21_PM
24392,test,1630,1,73,right-5,left,right-dark,dark-up,fewer-up,dual,11:42:25_PM
24393,test,951,1,74,left-1,right,left-dark,light-up,greater-up,dual,11:42:28_PM
24394,test,1233,1,75,right-3,left,right-dark,dark-up,fewer-up,dual,11:42:31_PM
24395,test,1220,1,76,left-9,left,left-dark,dark-up,greater-up,dual,11:42:33_PM
24396,test,1468,1,77,left-4,left,left-dark,light-up,fewer-up,dual,11:42:36_PM
24397,test,1155,1,78,right-9,left,right-dark,dark-up,fewer-up,dual,11:42:39_PM
24398,test,NULL,0,79,left-3,none,left-dark,light-up,fewer-up,dual,11:42:41_PM
24499,test5,NULL,0,0,left-7,none,left-dark,dark-up,greater-up,dual,5:11:59_AM
24500,test5,1728,1,1,right-9,right,right-dark,dark-up,greater-up,dual,5:12:04_AM
24501,test5,NULL,0,2,left-9,none,left-dark,light-up,fewer-up,dual,5:12:07_AM
24502,test5,850,0,3,right-3,right,right-dark,light-up,greater-up,dual,5:12:10_AM
24503,test5,1592,1,4,right-5,right,right-dark,light-up,fewer-up,dual,5:12:14_AM
24504,test5,NULL,0,5,right-6,none,right-dark,light-up,fewer-up,dual,5:12:17_AM
24505,test5,827,0,6,right-0,right,right-dark,dark-up,fewer-up,dual,5:12:20_AM
24506,test5,916,1,7,left-4,left,left-dark,dark-up,greater-up,dual,5:12:22_AM
24507,test5,NULL,0,8,left-0,none,left-dark,light-up,greater-up,dual,5:12:25_AM
24508,test5,1398,0,9,right-4,left,right-dark,dark-up,greater-up,dual,5:12:29_AM
24509,test5,1390,1,10,right-8,left,right-dark,light-up,greater-up,dual,5:12:32_AM
24510,test5,1676,0,11,right-0,left,right-dark,light-up,fewer-up,dual,5:12:35_AM
24511,test5,1428,1,12,left-1,right,left-dark,dark-up,fewer-up,dual,5:12:38_AM
24512,test5,NULL,0,13,right-8,none,right-dark,dark-up,greater-up,dual,5:12:41_AM
24513,test5,1028,0,14,left-4,left,left-dark,dark-up,fewer-up,dual,5:12:44_AM
24514,test5,NULL,0,15,right-2,none,right-dark,light-up,fewer-up,dual,5:12:46_AM
24515,test5,909,1,16,left-7,right,left-dark,light-up,greater-up,dual,5:12:49_AM
24516,test5,NULL,0,17,left-5,none,left-dark,light-up,fewer-up,dual,5:12:52_AM
24517,test5,1358,1,18,right-6,left,right-dark,dark-up,fewer-up,dual,5:12:56_AM
24518,test5,1292,1,19,right-7,left,right-dark,light-up,greater-up,dual,5:13:00_AM
24519,test5,NULL,0,20,left-2,none,left-dark,dark-up,fewer-up,dual,5:14:13_AM
24520,test5,NULL,0,21,left-8,none,left-dark,dark-up,greater-up,dual,5:14:16_AM
24521,test5,1604,1,22,right-9,left,right-dark,dark-up,fewer-up,dual,5:14:20_AM
24522,test5,NULL,0,23,left-2,none,left-dark,light-up,greater-up,dual,5:14:23_AM
24523,test5,1428,0,24,right-5,left,right-dark,dark-up,greater-up,dual,5:14:27_AM
24524,test5,916,1,25,right-2,right,right-dark,dark-up,greater-up,dual,5:14:29_AM
24525,test5,1532,1,26,left-1,left,left-dark,light-up,fewer-up,dual,5:14:32_AM
24526,test5,1402,0,27,left-8,right,left-dark,light-up,fewer-up,dual,5:14:35_AM
24527,test5,NULL,0,28,left-2,none,left-dark,light-up,fewer-up,dual,5:14:38_AM
24528,test5,992,0,29,right-9,left,right-dark,light-up,fewer-up,dual,5:14:42_AM
24529,test5,NULL,0,30,left-3,none,left-dark,light-up,greater-up,dual,5:14:45_AM
24530,test5,1180,1,31,left-3,left,left-dark,dark-up,greater-up,dual,5:14:48_AM
24531,test5,1454,0,32,left-4,left,left-dark,light-up,greater-up,dual,5:14:51_AM
24532,test5,NULL,0,33,left-6,none,left-dark,light-up,greater-up,dual,5:14:54_AM
24533,test5,1516,1,34,left-6,right,left-dark,dark-up,fewer-up,dual,5:14:58_AM
24534,test5,1386,1,35,right-3,left,right-dark,dark-up,fewer-up,dual,5:15:01_AM
24535,test5,1055,0,36,left-1,right,left-dark,dark-up,greater-up,dual,5:15:04_AM
24536,test5,1440,1,37,right-2,left,right-dark,light-up,greater-up,dual,5:15:07_AM
24537,test5,996,1,38,left-1,right,left-dark,light-up,greater-up,dual,5:15:10_AM
24538,test5,1545,1,39,left-4,left,left-dark,light-up,fewer-up,dual,5:15:13_AM
24539,test5,1370,0,40,left-6,right,left-dark,dark-up,greater-up,dual,5:15:20_AM
24540,test5,1032,1,41,left-9,right,left-dark,light-up,greater-up,dual,5:15:23_AM
24541,test5,1448,0,42,right-7,left,right-dark,dark-up,greater-up,dual,5:15:25_AM
24542,test5,NULL,0,43,right-5,none,right-dark,dark-up,fewer-up,dual,5:15:29_AM
24543,test5,1256,1,44,left-9,left,left-dark,dark-up,greater-up,dual,5:15:32_AM
24544,test5,1365,1,45,left-2,left,left-dark,dark-up,greater-up,dual,5:15:35_AM
24545,test5,NULL,0,46,right-3,none,right-dark,light-up,fewer-up,dual,5:15:38_AM
24546,test5,1168,1,47,left-7,left,left-dark,light-up,fewer-up,dual,5:15:41_AM
24547,test5,1029,1,48,right-8,right,right-dark,light-up,fewer-up,dual,5:15:44_AM
24548,test5,1099,1,49,right-0,right,right-dark,dark-up,greater-up,dual,5:15:47_AM
24549,test5,1268,0,50,left-9,left,left-dark,dark-up,fewer-up,dual,5:15:50_AM
24550,test5,1293,1,51,right-5,left,right-dark,light-up,greater-up,dual,5:15:53_AM
24551,test5,1309,0,52,right-9,right,right-dark,light-up,greater-up,dual,5:15:56_AM
24552,test5,NULL,0,53,right-4,none,right-dark,light-up,fewer-up,dual,5:15:59_AM
24553,test5,1111,1,54,right-6,right,right-dark,dark-up,greater-up,dual,5:16:02_AM
24554,test5,NULL,0,55,right-6,none,right-dark,light-up,greater-up,dual,5:16:04_AM
24555,test5,1206,1,56,right-7,right,right-dark,light-up,fewer-up,dual,5:16:08_AM
24556,test5,NULL,0,57,right-7,none,right-dark,dark-up,fewer-up,dual,5:16:10_AM
24557,test5,NULL,0,58,right-1,none,right-dark,dark-up,greater-up,dual,5:16:14_AM
24558,test5,1584,0,59,right-4,right,right-dark,dark-up,fewer-up,dual,5:16:18_AM
24559,test5,1045,1,60,left-0,left,left-dark,dark-up,greater-up,dual,5:17:16_AM
24560,test5,1660,0,61,left-7,left,left-dark,dark-up,fewer-up,dual,5:17:19_AM
24561,test5,NULL,0,62,right-4,none,right-dark,light-up,greater-up,dual,5:17:22_AM
24562,test5,881,0,63,left-3,left,left-dark,dark-up,fewer-up,dual,5:17:25_AM
24563,test5,1630,1,64,left-0,right,left-dark,dark-up,fewer-up,dual,5:17:28_AM
24564,test5,1385,1,65,right-3,right,right-dark,dark-up,greater-up,dual,5:17:31_AM
24565,test5,1144,1,66,left-8,right,left-dark,light-up,greater-up,dual,5:17:34_AM
24566,test5,1506,1,67,left-0,left,left-dark,light-up,fewer-up,dual,5:17:38_AM
24567,test5,NULL,0,68,left-5,none,left-dark,dark-up,greater-up,dual,5:17:41_AM
24568,test5,1546,0,69,left-5,left,left-dark,dark-up,fewer-up,dual,5:17:46_AM
24569,test5,1122,1,70,right-1,right,right-dark,light-up,fewer-up,dual,5:17:49_AM
24570,test5,1117,1,71,right-8,left,right-dark,dark-up,fewer-up,dual,5:17:52_AM
24571,test5,1002,1,72,right-1,left,right-dark,light-up,greater-up,dual,5:17:55_AM
24572,test5,1693,1,73,left-5,right,left-dark,light-up,greater-up,dual,5:17:59_AM
24573,test5,1224,1,74,left-8,right,left-dark,dark-up,fewer-up,dual,5:18:02_AM
24574,test5,1121,1,75,right-0,left,right-dark,light-up,greater-up,dual,5:18:05_AM
24575,test5,1488,0,76,left-3,right,left-dark,light-up,fewer-up,dual,5:18:08_AM
24576,test5,1418,1,77,left-6,left,left-dark,light-up,fewer-up,dual,5:18:11_AM
24577,test5,1338,0,78,right-1,right,right-dark,dark-up,fewer-up,dual,5:18:14_AM
24578,test5,1266,1,79,right-2,left,right-dark,dark-up,fewer-up,dual,5:18:17_AM
24584,test1,NULL,0,0,right-2,none,right-dark,dark-up,fewer-up,dual,50:45.9
24585,test1,1570,1,1,left-3,right,left-dark,light-up,greater-up,dual,50:49.7
24586,test1,1030,1,2,right-6,left,right-dark,light-up,greater-up,dual,50:51.9
24587,test1,1590,1,3,right-3,right,right-dark,light-up,fewer-up,dual,50:54.8
24588,test1,1663,1,4,right-7,left,right-dark,light-up,greater-up,dual,50:57.8
24589,test1,NULL,0,5,left-1,none,left-dark,dark-up,fewer-up,dual,51:01.6
24590,test1,NULL,0,6,left-9,none,left-dark,dark-up,fewer-up,dual,51:04.8
24591,test1,991,1,7,left-5,left,left-dark,dark-up,greater-up,dual,51:08.6
24592,test1,1130,1,8,right-3,left,right-dark,dark-up,fewer-up,dual,51:11.3
24593,test1,782,1,9,left-1,right,left-dark,light-up,greater-up,dual,51:14.0
24594,test1,1549,1,10,left-7,left,left-dark,dark-up,greater-up,dual,51:17.0
24595,test1,1580,1,11,right-8,left,right-dark,dark-up,fewer-up,dual,51:19.9
24596,test1,1071,1,12,left-7,right,left-dark,light-up,greater-up,dual,51:22.8
24597,test1,NULL,0,13,left-4,none,left-dark,light-up,greater-up,dual,51:26.6
24598,test1,982,1,14,right-0,left,right-dark,light-up,greater-up,dual,51:30.0
24599,test1,1242,0,15,left-2,right,left-dark,light-up,fewer-up,dual,51:32.3
24600,test1,NULL,0,16,right-4,none,right-dark,dark-up,fewer-up,dual,51:35.1
24601,test1,1190,1,17,left-3,left,left-dark,dark-up,greater-up,dual,51:38.2
24602,test1,1450,1,18,right-6,right,right-dark,dark-up,greater-up,dual,51:41.4
24603,test1,1182,0,19,right-8,left,right-dark,light-up,fewer-up,dual,51:44.0
24604,test1,NULL,0,20,left-6,none,left-dark,light-up,greater-up,dual,51:51.5
24605,test1,771,0,21,left-7,left,left-dark,dark-up,fewer-up,dual,51:54.3
24606,test1,1050,1,22,left-3,left,left-dark,light-up,fewer-up,dual,51:57.7
24607,test1,1330,0,23,left-6,left,left-dark,dark-up,fewer-up,dual,52:00.1
24608,test1,893,0,24,right-7,left,right-dark,light-up,fewer-up,dual,52:02.6
24609,test1,1315,1,25,left-5,left,left-dark,light-up,fewer-up,dual,52:06.3
24610,test1,808,1,26,left-5,right,left-dark,light-up,greater-up,dual,52:09.3
24611,test1,1147,1,27,right-0,left,right-dark,dark-up,fewer-up,dual,52:12.9
24612,test1,931,1,28,left-1,left,left-dark,dark-up,greater-up,dual,52:16.2
24613,test1,841,1,29,right-5,right,right-dark,dark-up,greater-up,dual,52:18.7
24614,test1,1319,1,30,left-5,right,left-dark,dark-up,fewer-up,dual,52:22.5
24615,test1,1322,1,31,right-8,right,right-dark,dark-up,greater-up,dual,52:26.0
24616,test1,844,0,32,left-2,left,left-dark,dark-up,fewer-up,dual,52:29.3
24617,test1,1379,1,33,right-4,left,right-dark,light-up,greater-up,dual,52:31.7
24618,test1,1161,1,34,right-0,right,right-dark,light-up,fewer-up,dual,52:33.9
24619,test1,1054,1,35,left-0,right,left-dark,light-up,greater-up,dual,52:36.4
24620,test1,1137,1,36,right-7,right,right-dark,dark-up,greater-up,dual,52:39.4
24621,test1,1333,1,37,left-2,right,left-dark,light-up,greater-up,dual,52:42.6
24622,test1,1472,1,38,left-6,left,left-dark,dark-up,greater-up,dual,52:45.1
24623,test1,1359,1,39,right-1,left,right-dark,light-up,greater-up,dual,52:47.7
24624,test1,1500,1,40,left-3,right,left-dark,dark-up,fewer-up,dual,52:58.6
24625,test1,1300,1,41,left-8,left,left-dark,dark-up,greater-up,dual,53:01.9
24626,test1,1009,1,42,left-4,right,left-dark,dark-up,fewer-up,dual,53:04.4
24627,test1,975,1,43,right-5,left,right-dark,light-up,greater-up,dual,53:06.8
24628,test1,844,1,44,right-4,right,right-dark,light-up,fewer-up,dual,53:09.4
24629,test1,990,1,45,right-9,right,right-dark,dark-up,greater-up,dual,53:11.8
24630,test1,1685,1,46,right-1,right,right-dark,dark-up,greater-up,dual,53:15.0
24631,test1,NULL,0,47,right-5,none,right-dark,dark-up,fewer-up,dual,53:18.5
24632,test1,878,1,48,left-2,left,left-dark,dark-up,greater-up,dual,53:22.2
24633,test1,948,0,49,right-6,left,right-dark,light-up,fewer-up,dual,53:25.3
24634,test1,1128,1,50,left-9,left,left-dark,light-up,fewer-up,dual,53:28.5
24635,test1,1684,1,51,right-4,right,right-dark,dark-up,greater-up,dual,53:31.6
24636,test1,1273,1,52,right-7,left,right-dark,dark-up,fewer-up,dual,53:34.2
24637,test1,NULL,0,53,left-0,none,left-dark,light-up,fewer-up,dual,53:36.6
24638,test1,966,1,54,left-0,left,left-dark,dark-up,greater-up,dual,53:39.9
24639,test1,1348,1,55,right-9,left,right-dark,dark-up,fewer-up,dual,53:42.7
24640,test1,1018,1,56,left-4,left,left-dark,dark-up,greater-up,dual,53:45.1
24641,test1,810,1,57,right-0,right,right-dark,dark-up,greater-up,dual,53:48.1
24642,test1,976,0,58,right-9,right,right-dark,light-up,greater-up,dual,53:50.3
24643,test1,1221,0,59,right-1,left,right-dark,light-up,fewer-up,dual,53:52.7
24644,test1,NULL,0,60,left-7,none,left-dark,light-up,fewer-up,dual,54:00.6
24645,test1,843,1,61,left-4,left,left-dark,light-up,fewer-up,dual,54:03.5
24646,test1,1028,1,62,right-8,left,right-dark,light-up,greater-up,dual,54:06.4
24647,test1,902,1,63,left-9,right,left-dark,light-up,greater-up,dual,54:09.9
24648,test1,1056,1,64,right-2,right,right-dark,dark-up,greater-up,dual,54:12.6
24649,test1,1296,1,65,left-0,right,left-dark,dark-up,fewer-up,dual,54:15.0
24650,test1,874,0,66,left-6,right,left-dark,light-up,fewer-up,dual,54:17.5
24651,test1,869,1,67,right-3,right,right-dark,dark-up,greater-up,dual,54:20.9
24652,test1,757,0,68,right-9,left,right-dark,light-up,fewer-up,dual,54:23.6
24653,test1,1436,1,69,left-1,left,left-dark,light-up,fewer-up,dual,54:27.0
24654,test1,839,1,70,left-8,right,left-dark,light-up,greater-up,dual,54:29.6
24655,test1,1432,1,71,right-6,left,right-dark,dark-up,fewer-up,dual,54:32.9
24656,test1,1234,0,72,right-1,right,right-dark,dark-up,fewer-up,dual,54:36.3
24657,test1,830,1,73,right-5,right,right-dark,light-up,fewer-up,dual,54:39.3
24658,test1,802,0,74,right-2,left,right-dark,light-up,fewer-up,dual,54:42.4
24659,test1,1443,1,75,left-8,right,left-dark,dark-up,fewer-up,dual,54:45.0
24660,test1,1424,1,76,left-8,left,left-dark,light-up,fewer-up,dual,54:48.6
24661,test1,978,0,77,right-3,right,right-dark,light-up,greater-up,dual,54:51.6
24662,test1,1385,1,78,right-2,left,right-dark,light-up,greater-up,dual,54:54.1
24663,test1,966,1,79,left-9,left,left-dark,dark-up,greater-up,dual,54:56.4
,,,,,,,,,,,
,,,,,,,,,,,
,,,,,,,,,,,
,,,,,,,,,,,
,,,,,,,,,,,