participant_id,attention_condition,n_colormap_trials,heatmap_accuracy,mean_rt,d_prime,d_prime_ci_low,d_prime_ci_high,d_prime_ci_excludes_zero,tier1_exclude_low_phone_sdt,tier1_exclude_low_heatmap_accuracy,excluded,tier2_participant_rt_outlier,exclude_tier2,exclusion_reason
5484949efdf99b0379939cc6,dual_only,80,0.975,1321.3625,3.772898861136456,1.9925584604801134,5.553239261792799,TRUE,FALSE,FALSE,FALSE,FALSE,FALSE,included
566a19b57da035000fb39b89,dual_only,80,0.6875,2441.842499996722,3.8923034458149655,2.568032268211023,5.216574623418908,TRUE,FALSE,FALSE,FALSE,FALSE,FALSE,included
56e6a66af6ed900006a5867c,single_only,80,1,1928.8612499999697,NA,NA,NA,NA,FALSE,FALSE,FALSE,FALSE,FALSE,included
574cca765e5491000f3c89e0,single_only,80,0.8625000000000002,3241.5112500006335,NA,NA,NA,NA,FALSE,FALSE,FALSE,FALSE,FALSE,included
5758a78d768081000631a322,single_only,80,0.9,3171.544999977946,NA,NA,NA,NA,FALSE,FALSE,FALSE,FALSE,FALSE,included
577d3361d8e8880001b31439,single_only,80,0.95,1373.697500000894,NA,NA,NA,NA,FALSE,FALSE,FALSE,FALSE,FALSE,included
59347d4f53490b0001563e47,dual_only,80,0.8874999999999998,1906.136250000121,2.61648868906933,1.6587587003522064,3.5742186777864537,TRUE,FALSE,FALSE,FALSE,FALSE,FALSE,included
5977466b68264c0001c49088,dual_only,80,0.7375000000000002,2462.458749999292,1.8210702188946464,0.9270446377350318,2.715095800054261,TRUE,FALSE,FALSE,FALSE,FALSE,FALSE,included
59e7a66e62637600014a7d69,dual_only,80,0.4875,1536.3949999928475,2.4594509762295518,1.2017733969887407,3.717128555470363,TRUE,FALSE,TRUE,TRUE,FALSE,TRUE,low_heatmap_accuracy_below_49.5_of_80
5a0f46bb7542890001aa7503,single_only,80,0.9875,1338.2125,NA,NA,NA,NA,FALSE,FALSE,FALSE,FALSE,FALSE,included
5a440abd1ba496000102a238,single_only,80,0.9875,2099.4887499690058,NA,NA,NA,NA,FALSE,FALSE,FALSE,FALSE,FALSE,included
5a6f57166923df0001ef8d02,single_only,80,1,1445.2237500008196,NA,NA,NA,NA,FALSE,FALSE,FALSE,FALSE,FALSE,included
5acc2d21436f550001003111,dual_only,80,0.9,1651.6125000000002,3.039678757902565,1.8946232527142333,4.184734263090897,TRUE,FALSE,FALSE,FALSE,FALSE,FALSE,included
5af1c4dfaec2b600010a96c9,dual_only,80,0.5625,1049.881250000035,2.633253805475262,1.527757205698522,3.7387504052520018,TRUE,FALSE,TRUE,TRUE,FALSE,TRUE,low_heatmap_accuracy_below_49.5_of_80
5afa19a4f856320001cf920f,dual_only,80,1,1582.6799999999814,3.989675453177899,2.3101803625762996,5.669170543779498,TRUE,FALSE,FALSE,FALSE,FALSE,FALSE,included
5bef41fa54277d000114d6ad,single_only,80,0.975,990.0075000000652,NA,NA,NA,NA,FALSE,FALSE,FALSE,FALSE,FALSE,included
5bef64b373e44f0001092811,single_only,80,0.925,1540.0562500001863,NA,NA,NA,NA,FALSE,FALSE,FALSE,FALSE,FALSE,included
5c005838232b6c0001221acf,dual_only,80,0.975,3450.442500007152,2.9096373583774224,2.040554508021051,3.7787202087337937,TRUE,FALSE,FALSE,FALSE,FALSE,FALSE,included
5c01d3c509e9c70001500b10,dual_only,80,0.9375,2015,2.9301867240639474,1.892241054319193,3.968132393808702,TRUE,FALSE,FALSE,FALSE,FALSE,FALSE,included
5c4d1a6c9ce35100019dbc88,dual_only,80,1,1332.6237499999813,2.7400003159847923,1.3733346523793433,4.106665979590241,TRUE,FALSE,FALSE,FALSE,FALSE,FALSE,included
5cb62e9293342300017a72a1,single_only,80,0.8375,2220.4012500047684,NA,NA,NA,NA,FALSE,FALSE,FALSE,FALSE,FALSE,included
5ccf2abd37095c001a78cef6,single_only,80,1,1026.7812499955296,NA,NA,NA,NA,FALSE,FALSE,FALSE,FALSE,FALSE,included
5cec5f7afdd26c00193ba64b,dual_only,80,0.9625,2008.752500000084,2.724248173353606,1.6508559780864078,3.797640368620804,TRUE,FALSE,FALSE,FALSE,FALSE,FALSE,included
5d093f05c79e5a0016796b18,dual_only,80,0.925,3564.394999997317,3.6192867299449576,2.597207210718948,4.641366249170967,TRUE,FALSE,FALSE,FALSE,FALSE,FALSE,included
5d2a7c01b866ef0015b8e0a1,dual_only,80,0.9375,3148.0375,3.954709280757747,2.6539134784518317,5.255505083063662,TRUE,FALSE,FALSE,FALSE,FALSE,FALSE,included
5dabd2828a78c7001c59eb82,single_only,80,0.5,352.257500000007,NA,NA,NA,NA,FALSE,TRUE,TRUE,FALSE,TRUE,low_heatmap_accuracy_below_49.5_of_80
5dd1df8fb48da3240ca85c45,dual_only,80,0.4625000000000001,14327.927500000595,4.3642936278737,3.6179911209245326,5.110596134822867,TRUE,FALSE,TRUE,TRUE,TRUE,TRUE,low_heatmap_accuracy_below_49.5_of_80
5dd5b42a2091e95798fbf574,dual_only,80,0.95,1545.2612499991433,3.432391668831097,1.99939697644685,4.865386361215345,TRUE,FALSE,FALSE,FALSE,FALSE,FALSE,included
5e076480c4e1550e2114f006,dual_only,80,0.9625,1499.3387499943376,2.957439092317681,1.7910429941070702,4.1238351905282915,TRUE,FALSE,FALSE,FALSE,FALSE,FALSE,included
5e2b4e61a7f804000a55eee7,dual_only,80,0.975,2526.152499998361,3.8455131980103383,2.479674538718175,5.2113518573025015,TRUE,FALSE,FALSE,FALSE,FALSE,FALSE,included
5e52d0122f5f952f2a7b6b28,single_only,80,0.9375,1121.8924999907613,NA,NA,NA,NA,FALSE,FALSE,FALSE,FALSE,FALSE,included
5e8bbb3680cbf20986c677e1,dual_only,80,0.975,1408.761249986291,3.4083596010329567,1.9148274497647275,4.901891752301186,TRUE,FALSE,FALSE,FALSE,FALSE,FALSE,included
5ea26aef3d576d186dcce75a,single_only,80,0.9875,4391.3375,NA,NA,NA,NA,FALSE,FALSE,FALSE,FALSE,FALSE,included
5ecaf0fa5c1f7f6599d959ff,dual_only,80,0.9625,1317.4500000000003,3.8818180680047933,2.166978779884316,5.59665735612527,TRUE,FALSE,FALSE,FALSE,FALSE,FALSE,included
5ecb0bb39b4189656f60872b,single_only,80,1,1056.9925000101327,NA,NA,NA,NA,FALSE,FALSE,FALSE,FALSE,FALSE,included
5ee92b925f0f482bb1e73668,single_only,80,1,1344.3712499886751,NA,NA,NA,NA,FALSE,FALSE,FALSE,FALSE,FALSE,included
5eea9a9ea8d6d71ba912a73e,dual_only,80,0.9375,1836.7874999821186,3.620661595094095,2.1969576337657437,5.044365556422447,TRUE,FALSE,FALSE,FALSE,FALSE,FALSE,included
5ef4d8b87faaa00c0dea0c4e,single_only,80,1,1582.3800000000745,NA,NA,NA,NA,FALSE,FALSE,FALSE,FALSE,FALSE,included
5f17553ce0feb10c3dd2b16a,single_only,80,0.9875,2168.735000000003,NA,NA,NA,NA,FALSE,FALSE,FALSE,FALSE,FALSE,included
5f1db570f7e0002b7eb1c1dd,dual_only,80,1,1807.1624999999067,4.065976745037814,2.412884986168601,5.719068503907026,TRUE,FALSE,FALSE,FALSE,FALSE,FALSE,included
5f218f86a3a5b05784d9d371,single_only,80,0.9625,1093.9137500000331,NA,NA,NA,NA,FALSE,FALSE,FALSE,FALSE,FALSE,included
5f4738bfa043201203a27b4b,dual_only,80,0.8125,1470.8800000000513,4.05065422754233,2.3953578573927863,5.7059505976918725,TRUE,FALSE,FALSE,FALSE,FALSE,FALSE,included
5f4a835e9e84256238129995,single_only,80,1,1318.0725000053644,NA,NA,NA,NA,FALSE,FALSE,FALSE,FALSE,FALSE,included
60085c96f16b701cbdced9a4,dual_only,80,0.55,3432.477499999664,4.136025413393393,2.8480976000443516,5.4239532267424355,TRUE,FALSE,TRUE,TRUE,FALSE,TRUE,low_heatmap_accuracy_below_49.5_of_80
6011e981dff6371dacac9ec5,dual_only,80,1,2069.048749999935,3.6965247283845057,2.313270341914748,5.079779114854263,TRUE,FALSE,FALSE,FALSE,FALSE,FALSE,included
601b75077aa0425330b81e36,single_only,80,0.975,2194.7499999970196,NA,NA,NA,NA,FALSE,FALSE,FALSE,FALSE,FALSE,included
60284b049e884437b220b172,single_only,80,0.975,2465.2762500166887,NA,NA,NA,NA,FALSE,FALSE,FALSE,FALSE,FALSE,included
606cf604adbb6982bb382881,dual_only,80,0.5375,2713.2525000000373,2.8777610709513564,2.04274023027952,3.7127819116231926,TRUE,FALSE,TRUE,TRUE,FALSE,TRUE,low_heatmap_accuracy_below_49.5_of_80
607668ac450fc6e3025a131d,dual_only,80,0.975,2668.391250000149,3.5758833853957714,2.3091673060258833,4.84259946476566,TRUE,FALSE,FALSE,FALSE,FALSE,FALSE,included
607dc630d2d30aa7e8699c23,single_only,80,1,1184.436250000028,NA,NA,NA,NA,FALSE,FALSE,FALSE,FALSE,FALSE,included
608209b96e955ba5201eff25,single_only,80,0.9875,1014.8737500011921,NA,NA,NA,NA,FALSE,FALSE,FALSE,FALSE,FALSE,included
609f4c9fb80290b21c5e5265,single_only,80,1,1047.5637500000653,NA,NA,NA,NA,FALSE,FALSE,FALSE,FALSE,FALSE,included
60a2a8570a0f9cc00d6b9d1a,dual_only,80,0.975,2342.5799999922515,2.7134359510038837,1.7726758252822725,3.654196076725495,TRUE,FALSE,FALSE,FALSE,FALSE,FALSE,included
60c770aa2d2928bfda4c7cd4,dual_only,80,0.4749999999999999,109.65000000000002,-0.21787824047017956,-2.081015569044914,1.6452590881045552,FALSE,TRUE,TRUE,TRUE,FALSE,TRUE,phone_dprime_ci_includes_0;low_heatmap_accuracy_below_49.5_of_80
60da6f47359a9fc411cc8313,dual_only,80,1,1779.0274999827147,4.011837704898098,2.332124026054731,5.691551383741465,TRUE,FALSE,FALSE,FALSE,FALSE,FALSE,included
60e0ccb2c3f51bd6f72f97f9,dual_only,80,1,3515.1374999999994,4.0848403323187075,2.794968271162373,5.374712393475042,TRUE,FALSE,FALSE,FALSE,FALSE,FALSE,included
60e63a06acbec5f0fc85e71a,dual_only,80,0.95,2785.6362499922516,3.3740415402470743,2.141437697035399,4.6066453834587495,TRUE,FALSE,FALSE,FALSE,FALSE,FALSE,included
60f657824394dac9902c821f,dual_only,80,0.9625,1345.442499999996,3.439955040044436,1.992121024384498,4.887789055704374,TRUE,FALSE,FALSE,FALSE,FALSE,FALSE,included
60fcc4120cecba5bc510e142,dual_only,80,0.975,1491.6700000017881,3.930788324924175,2.2242002768318887,5.637376373016461,TRUE,FALSE,FALSE,FALSE,FALSE,FALSE,included
60fcd954f5ff1656599b53c9,dual_only,80,0.48749999999999993,1565.9350000001484,3.6784155279310786,2.263879799596797,5.09295125626536,TRUE,FALSE,TRUE,TRUE,FALSE,TRUE,low_heatmap_accuracy_below_49.5_of_80
60fdf104935a0ef0e93762b0,dual_only,80,0.5375,885.8762499988079,2.1071172662911306,1.0364347515041257,3.1777997810781358,TRUE,FALSE,TRUE,TRUE,FALSE,TRUE,low_heatmap_accuracy_below_49.5_of_80
60ff33eea57872b7188f12e2,dual_only,80,1,1614.3637500032783,4.007833341747881,2.337312340064665,5.6783543434310975,TRUE,FALSE,FALSE,FALSE,FALSE,FALSE,included
61033627c32742424aeaaac1,dual_only,80,0.75,1362.4574999997392,1.4886907143666765,0.6411699544571704,2.336211474276183,TRUE,FALSE,FALSE,FALSE,FALSE,FALSE,included
6107c3c34aec7850786b6d62,dual_only,80,1,1555.1275000035762,4.007833341747881,2.337312340064665,5.6783543434310975,TRUE,FALSE,FALSE,FALSE,FALSE,FALSE,included
6123d102b713b8a947fd2eb2,single_only,80,0.975,1952.481249999255,NA,NA,NA,NA,FALSE,FALSE,FALSE,FALSE,FALSE,included
612962f44f151ddfd0298c52,dual_only,80,0.5125,1635.4375,2.572701501198016,1.5790898807214704,3.566313121674561,TRUE,FALSE,TRUE,TRUE,FALSE,TRUE,low_heatmap_accuracy_below_49.5_of_80
616cf9ae07c1c6bd05d95beb,single_only,80,1,2291.747500001453,NA,NA,NA,NA,FALSE,FALSE,FALSE,FALSE,FALSE,included
61705235c277934df17055e6,dual_only,80,0.9,2264.332499999832,3.020007387282375,2.0006052668492997,4.039409507715451,TRUE,FALSE,FALSE,FALSE,FALSE,FALSE,included
629e9a5d81c583f5ebe90f05,dual_only,80,1,1451.922499996796,3.8880986567710187,2.1692091624234067,5.606988151118631,TRUE,FALSE,FALSE,FALSE,FALSE,FALSE,included
62bb42e2f21cfdb280cc975f,dual_only,80,0.7375000000000002,1526.0962499998507,2.5047188065048385,1.524697494529729,3.484740118479948,TRUE,FALSE,FALSE,FALSE,FALSE,FALSE,included
62dcc5dc8fcf471ec987e7cf,dual_only,80,0.8374999999999999,4032.6999999999994,3.421767131542893,2.2854410450883886,4.558093217997397,TRUE,FALSE,FALSE,FALSE,FALSE,FALSE,included
62fbeca46caf4abaaf74b5f1,single_only,80,0.95,2189.8125000059604,NA,NA,NA,NA,FALSE,FALSE,FALSE,FALSE,FALSE,included
6306a29015f8667413e26eef,dual_only,80,1,3047.9475000008947,4.444095085921065,2.9083216887278587,5.979868483114271,TRUE,FALSE,FALSE,FALSE,FALSE,FALSE,included
63268ad93b6ecc1acf782a21,single_only,80,0.9375,2140.088749995827,NA,NA,NA,NA,FALSE,FALSE,FALSE,FALSE,FALSE,included
632b9d9bc38454f47019295c,single_only,80,1,2448.808750000596,NA,NA,NA,NA,FALSE,FALSE,FALSE,FALSE,FALSE,included
632ccf5fdb3a004dec4919a2@email.prolific.com,dual_only,80,0.9125,3115.410000000149,2.7450940813549503,1.8874960930478006,3.6026920696621,TRUE,FALSE,FALSE,FALSE,FALSE,FALSE,included
63c047ef36e1348b19bb8010,single_only,80,1,2784.582500000298,NA,NA,NA,NA,FALSE,FALSE,FALSE,FALSE,FALSE,included
63cee08c60670525b4f43946,single_only,80,0.9875,1602.9287500083447,NA,NA,NA,NA,FALSE,FALSE,FALSE,FALSE,FALSE,included
63d1c79ff86ec609af6f77ad,single_only,80,1,1352.3837499997578,NA,NA,NA,NA,FALSE,FALSE,FALSE,FALSE,FALSE,included
63d5b810f3dbbd11e7e65870,single_only,14,0.5714285714285714,1735.3000000544957,NA,NA,NA,NA,FALSE,TRUE,TRUE,FALSE,TRUE,low_heatmap_accuracy_below_49.5_of_80
63d6d43d4f1649ce3dcfa30b,dual_only,80,0.875,1678.4187500104308,3.492900360902679,2.0768000168711227,4.909000704934235,TRUE,FALSE,FALSE,FALSE,FALSE,FALSE,included
63d7e469c2a30fc463e06b5d,dual_only,80,0.8375,2444.0374999910596,3.3679957696045815,2.295891409917394,4.4401001292917694,TRUE,FALSE,FALSE,FALSE,FALSE,FALSE,included
63e12e51551a0a00ab990651,dual_only,80,0.975,1267.4962499678136,3.362043856541756,1.8401938012842107,4.883893911799301,TRUE,FALSE,FALSE,FALSE,FALSE,FALSE,included
63e51bca9f87294437c3cbb8,single_only,39,0.4102564102564103,779.8538461533876,NA,NA,NA,NA,FALSE,TRUE,TRUE,FALSE,TRUE,low_heatmap_accuracy_below_49.5_of_80
63e554b7631c8ec3ce069e32,single_only,80,1,1512.88124999851,NA,NA,NA,NA,FALSE,FALSE,FALSE,FALSE,FALSE,included
63ea974c81ff0fffe7fb8613,dual_only,80,0.8375,3340.6175000056624,2.3124419822220776,1.4613156303926012,3.163568334051554,TRUE,FALSE,FALSE,FALSE,FALSE,FALSE,included
63ecff07b619306f41db42fa,single_only,80,0.9875,1436.9812500089406,NA,NA,NA,NA,FALSE,FALSE,FALSE,FALSE,FALSE,included
63f26616270b0ad6ba923ac1,single_only,80,1,1493.7125,NA,NA,NA,NA,FALSE,FALSE,FALSE,FALSE,FALSE,included
63fa78f21e485a372c6528fa,dual_only,80,0.525,989.8250000000002,3.1588723247088915,1.7250285417070377,4.5927161077107455,TRUE,FALSE,TRUE,TRUE,FALSE,TRUE,low_heatmap_accuracy_below_49.5_of_80
63fad8b20e532757a496f7f5,single_only,80,0.9875,1414.2262500008571,NA,NA,NA,NA,FALSE,FALSE,FALSE,FALSE,FALSE,included
63fb77a17acd544343fb98fb,dual_only,80,0.925,2439.7425000026824,2.6841901263615195,1.7462199411013473,3.622160311621692,TRUE,FALSE,FALSE,FALSE,FALSE,FALSE,included
64402f7ad3d019dc99b9f3f0,single_only,80,0.95,2401.551250001043,NA,NA,NA,NA,FALSE,FALSE,FALSE,FALSE,FALSE,included
645179915e31c1aeb3dc8129,single_only,80,1,1558.5425000002608,NA,NA,NA,NA,FALSE,FALSE,FALSE,FALSE,FALSE,included
648343299ec8050d10aee27d,dual_only,80,0.4625,1106.191250014305,3.9566177848006463,2.257219532980307,5.6560160366209855,TRUE,FALSE,TRUE,TRUE,FALSE,TRUE,low_heatmap_accuracy_below_49.5_of_80
64badb09518eb5b219132eea,single_only,80,0.9875,1918.4137499999488,NA,NA,NA,NA,FALSE,FALSE,FALSE,FALSE,FALSE,included
64fb30365bea2333e0da11ee,single_only,80,0.9,4125.857499999741,NA,NA,NA,NA,FALSE,FALSE,FALSE,FALSE,FALSE,included
64fb3be137d2bd2bdfab8ba6,dual_only,80,0.5125,1834.8012499980632,2.295323437857535,1.4319062781684884,3.1587405975465814,TRUE,FALSE,TRUE,TRUE,FALSE,TRUE,low_heatmap_accuracy_below_49.5_of_80
6509a48ff7809e6aba0cf5fa,single_only,80,0.925,3131.5824999999127,NA,NA,NA,NA,FALSE,FALSE,FALSE,FALSE,FALSE,included
654bc148c95bca00d541ec33,dual_only,80,0.95,2984.576250000298,4.4174207161173396,2.8722277074865703,5.962613724748109,TRUE,FALSE,FALSE,FALSE,FALSE,FALSE,included
654fe6af3517f92a06444ca5,dual_only,80,0.875,1926.7737499952316,3.0765004290695233,1.7799990578555143,4.373001800283532,TRUE,FALSE,FALSE,FALSE,FALSE,FALSE,included
65b50fa832c828a13f2aa884,single_only,80,1,867.4774999827148,NA,NA,NA,NA,FALSE,FALSE,FALSE,FALSE,FALSE,included
65e74f3dd1cf1c6869f7af37,dual_only,80,0.4625,1296.578749998659,1.8892280073956071,0.9183976842949283,2.860058330496286,TRUE,FALSE,TRUE,TRUE,FALSE,TRUE,low_heatmap_accuracy_below_49.5_of_80
65e8d383f3c7e1afd7b5c98f,dual_only,80,0.9375,2092.4187499910595,3.7212640522080345,2.3500877903729203,5.092440314043149,TRUE,FALSE,FALSE,FALSE,FALSE,FALSE,included
65f168305209539a4f55762c,single_only,80,1,1309.157499999553,NA,NA,NA,NA,FALSE,FALSE,FALSE,FALSE,FALSE,included
6601d46f8d629109bdf2aec4,dual_only,80,0.9875,2893.9024999997578,3.9467481076008912,2.622538712710453,5.2709575024913295,TRUE,FALSE,FALSE,FALSE,FALSE,FALSE,included
662bf98a6f25e5ccdce46ebc,single_only,80,0.8499999999999999,3535.733750000409,NA,NA,NA,NA,FALSE,FALSE,FALSE,FALSE,FALSE,included
662eeeb09572de78ffb440b1,single_only,80,1,1837.6162500023843,NA,NA,NA,NA,FALSE,FALSE,FALSE,FALSE,FALSE,included
6634f3529f3dc58a0bf22552,single_only,80,1,1339.7824999928475,NA,NA,NA,NA,FALSE,FALSE,FALSE,FALSE,FALSE,included
6636db94fa3ed150c2d78447,dual_only,80,0.4,898.7224999994044,2.2892329241804434,0.9883024894382504,3.5901633589226365,TRUE,FALSE,TRUE,TRUE,FALSE,TRUE,low_heatmap_accuracy_below_49.5_of_80
663aa5ef90785b13a70438e5,single_only,80,1,1570.5775000000372,NA,NA,NA,NA,FALSE,FALSE,FALSE,FALSE,FALSE,included
663b810a9d37219004ad9fbd,single_only,80,1,1541.4324999958276,NA,NA,NA,NA,FALSE,FALSE,FALSE,FALSE,FALSE,included
663d1309389a0851c125d533,dual_only,80,0.9375,2457.7187499970196,3.7961763222017977,2.455493884340787,5.136858760062808,TRUE,FALSE,FALSE,FALSE,FALSE,FALSE,included
663e26ccdbc470527165388b,dual_only,80,0.9625,2753.776250000298,3.8876635464477367,2.5279560605193354,5.2473710323761384,TRUE,FALSE,FALSE,FALSE,FALSE,FALSE,included
664184a2b35e6aa7e4eb89fd,dual_only,80,0.5,2044.2912499986587,2.4530977368473623,1.6217764479855896,3.284419025709135,TRUE,FALSE,TRUE,TRUE,FALSE,TRUE,low_heatmap_accuracy_below_49.5_of_80
6643c412ed568375e3bf349c,dual_only,80,0.975,1836.4562500001862,2.511413717917278,1.4846504152493138,3.5381770205852425,TRUE,FALSE,FALSE,FALSE,FALSE,FALSE,included
6643d22289210a4edf21e84d,dual_only,80,0.8,1518.1075000196695,2.7433141430419425,1.6666219840681118,3.8200063020157735,TRUE,FALSE,FALSE,FALSE,FALSE,FALSE,included
66491e9882aaa64c5d0911d5,single_only,80,0.925,2870.9000000037254,NA,NA,NA,NA,FALSE,FALSE,FALSE,FALSE,FALSE,included
664b8bef90cdb799d4c4c35d,dual_only,80,0.8500000000000002,2825.7124999955295,3.4741151792280762,2.4240160371591934,4.524214321296959,TRUE,FALSE,FALSE,FALSE,FALSE,FALSE,included
665b7b047373d8da553237a6,single_only,80,0.975,1268.2499999999768,NA,NA,NA,NA,FALSE,FALSE,FALSE,FALSE,FALSE,included
665cbb56d9ecb20564b9b607,single_only,80,0.9375,2183.3687499925495,NA,NA,NA,NA,FALSE,FALSE,FALSE,FALSE,FALSE,included
666883e7cd549b6798159085,dual_only,80,0.9875,1801.9187500011176,3.6115927314586567,2.1959836841834295,5.027201778733884,TRUE,FALSE,FALSE,FALSE,FALSE,FALSE,included
666a11d046107a56965a98f5,dual_only,80,0.975,1540.5375,3.9747656425542175,2.2938631915454875,5.655668093562948,TRUE,FALSE,FALSE,FALSE,FALSE,FALSE,included
666b59f95861737274e65238,dual_only,80,0.975,1673.9712499767543,3.534363587284902,2.077839449394756,4.990887725175048,TRUE,FALSE,FALSE,FALSE,FALSE,FALSE,included
6681ae9e7fbceb728648c7cb,dual_only,80,0.8875,1631.8550000011921,3.5748685343230227,2.1527996837207235,4.996937384925322,TRUE,FALSE,FALSE,FALSE,FALSE,FALSE,included
66856a62a9cd8445323c30c6,single_only,80,0.9625,4411.057500002906,NA,NA,NA,NA,FALSE,FALSE,FALSE,FALSE,FALSE,included
66a819b2c3eb66cffc47e808,single_only,80,1,1336.5125,NA,NA,NA,NA,FALSE,FALSE,FALSE,FALSE,FALSE,included
66aa52de62c06e01a958d91c,single_only,80,1,1181.55625,NA,NA,NA,NA,FALSE,FALSE,FALSE,FALSE,FALSE,included
66b638403cc5a94acf985177,dual_only,80,1,1931.202499999991,3.1411735154589664,2.0177030278736545,4.264644003044278,TRUE,FALSE,FALSE,FALSE,FALSE,FALSE,included
66c0f464e0ff62798027b486,dual_only,80,0.5125,1603.8450000006706,3.3083081365846443,1.9882764467413505,4.628339826427938,TRUE,FALSE,TRUE,TRUE,FALSE,TRUE,low_heatmap_accuracy_below_49.5_of_80
66d8790772c9e0e4ee96259c,single_only,80,0.9875,1702.3612500003535,NA,NA,NA,NA,FALSE,FALSE,FALSE,FALSE,FALSE,included
66e9cc5fb04f5ba6d8b5a3f1,single_only,80,0.9875,2182.1887500001117,NA,NA,NA,NA,FALSE,FALSE,FALSE,FALSE,FALSE,included
66f4c82536b5c8271f53564c,dual_only,80,1,1989.23125,4.127281266374914,2.491505868012391,5.763056664737437,TRUE,FALSE,FALSE,FALSE,FALSE,FALSE,included
66fe99edb8a87ffd9478d5c1,dual_only,80,0.5625,2532.8087500000374,4.372506881609654,2.8114821073773006,5.933531655842008,TRUE,FALSE,TRUE,TRUE,FALSE,TRUE,low_heatmap_accuracy_below_49.5_of_80
6701206a49833a2065d10763,dual_only,80,0.4749999999999999,2133.1587500000196,2.7589462879250695,1.8298633398976674,3.6880292359524716,TRUE,FALSE,TRUE,TRUE,FALSE,TRUE,low_heatmap_accuracy_below_49.5_of_80
6711e09a6906af2fa5b782bd,single_only,80,0.9875,1275.4449999997391,NA,NA,NA,NA,FALSE,FALSE,FALSE,FALSE,FALSE,included
67155947b83a6aee15acbc0d,dual_only,80,0.48749999999999993,1108.2599999998697,0.28492387211311665,-1.4579691701508855,2.0278169143771185,FALSE,TRUE,TRUE,TRUE,FALSE,TRUE,phone_dprime_ci_includes_0;low_heatmap_accuracy_below_49.5_of_80
671d48efd49c25986a82bd89,single_only,80,0.975,1681.927500000596,NA,NA,NA,NA,FALSE,FALSE,FALSE,FALSE,FALSE,included
67215ddb4fe41f208fba792b,single_only,3,0,1119.9666666686535,NA,NA,NA,NA,FALSE,TRUE,TRUE,FALSE,TRUE,low_heatmap_accuracy_below_49.5_of_80
672e86a538b9e142805a426e,dual_only,80,0.9875,2613.736250000447,3.867166479305857,2.504507123900735,5.229825834710979,TRUE,FALSE,FALSE,FALSE,FALSE,FALSE,included
673254169a08a9ab7fdbb888,single_only,80,0.5125,1242.2150000024587,NA,NA,NA,NA,FALSE,TRUE,TRUE,FALSE,TRUE,low_heatmap_accuracy_below_49.5_of_80
6734c699d11234d19b0be0ec,single_only,80,0.4375,928.9312499940394,NA,NA,NA,NA,FALSE,TRUE,TRUE,FALSE,TRUE,low_heatmap_accuracy_below_49.5_of_80
67364113bdafe2840fa05b69,dual_only,80,0.95,3440.2150000035763,3.0736157566855358,2.1969412337774328,3.9502902795936388,TRUE,FALSE,FALSE,FALSE,FALSE,FALSE,included
673a37f0ad04c995c8322ca6,single_only,80,1,1253.4350001335144,NA,NA,NA,NA,FALSE,FALSE,FALSE,FALSE,FALSE,included
673b8d1448db4a031a4a90b2,single_only,80,0.9125,1494.667499998212,NA,NA,NA,NA,FALSE,FALSE,FALSE,FALSE,FALSE,included
673fe23a86818d6026205f04,dual_only,80,0.975,2070.281249991059,2.9188591716171386,1.888813623373288,3.9489047198609892,TRUE,FALSE,FALSE,FALSE,FALSE,FALSE,included
6740a7474c623fa5738fda70,single_only,80,0.9375,1490.9625,NA,NA,NA,NA,FALSE,FALSE,FALSE,FALSE,FALSE,included
6745f73ee7541460adbabcff,single_only,80,0.95,2048.272499999404,NA,NA,NA,NA,FALSE,FALSE,FALSE,FALSE,FALSE,included
674c8549a9fd90b7c8dda9d3,dual_only,80,0.975,2493.9975000012664,4.287759828204181,2.70363259829719,5.871887058111172,TRUE,FALSE,FALSE,FALSE,FALSE,FALSE,included
6751dc7082001cddf839b91b,dual_only,80,1,3325.943749999744,3.3012987943218803,2.3307094207371644,4.271888167906597,TRUE,FALSE,FALSE,FALSE,FALSE,FALSE,included
6759f9a723f0ff8f61f6ebe8,dual_only,80,1,2339.6362499999873,3.780887910798006,2.3923401494406393,5.169435672155372,TRUE,FALSE,FALSE,FALSE,FALSE,FALSE,included
675c15e099767573c1619b7f,single_only,80,0.7999999999999999,1713.4875000000004,NA,NA,NA,NA,FALSE,FALSE,FALSE,FALSE,FALSE,included
676325864a29c405dab887a0,dual_only,80,0.95,2498.749999999977,3.493683553298066,2.216088691711951,4.771278414884181,TRUE,FALSE,FALSE,FALSE,FALSE,FALSE,included
67639cb846231603c8e979cd,single_only,80,1,1089.9087500035762,NA,NA,NA,NA,FALSE,FALSE,FALSE,FALSE,FALSE,included
676ed8014625d5ebd417b5f2,single_only,80,0.9125,1906.5287499971687,NA,NA,NA,NA,FALSE,FALSE,FALSE,FALSE,FALSE,included
677180f70e024d29940222d9,single_only,80,1,1596.4537499999628,NA,NA,NA,NA,FALSE,FALSE,FALSE,FALSE,FALSE,included
677c314658f46f3c0f19ba34,dual_only,80,0.9375,1750.7399999983609,4.011837704898098,2.332124026054731,5.691551383741465,TRUE,FALSE,FALSE,FALSE,FALSE,FALSE,included
677c358117d1ac70048fd3c6,single_only,80,0.95,2584.747500014305,NA,NA,NA,NA,FALSE,FALSE,FALSE,FALSE,FALSE,included
6781163e42dd9b1176a29412,dual_only,80,0.5749999999999998,1664.5162500000213,1.838611897806108,1.0290255252910234,2.6481982703211924,TRUE,FALSE,TRUE,TRUE,FALSE,TRUE,low_heatmap_accuracy_below_49.5_of_80
67883d53705991d641bb1743,single_only,80,0.9625,1448.5125000000003,NA,NA,NA,NA,FALSE,FALSE,FALSE,FALSE,FALSE,included
678c76ff10d7de60d4a4fd56,single_only,80,0.9875,2304.3287499979137,NA,NA,NA,NA,FALSE,FALSE,FALSE,FALSE,FALSE,included
67915007d6208ae2bf005724,single_only,80,1,1611.4750000016763,NA,NA,NA,NA,FALSE,FALSE,FALSE,FALSE,FALSE,included
67a62f17a81104f3f22f32e8,single_only,80,0.95,1402.44374999851,NA,NA,NA,NA,FALSE,FALSE,FALSE,FALSE,FALSE,included
67acff5fc3860389b0c4dc25,dual_only,80,1,2474.6187499990688,4.279275191912516,2.6915065606371975,5.867043823187835,TRUE,FALSE,FALSE,FALSE,FALSE,FALSE,included
67c1d6d98c8787be36609212,single_only,80,0.95,3310.2262500017882,NA,NA,NA,NA,FALSE,FALSE,FALSE,FALSE,FALSE,included
67cf0868690037aa2997bdab,single_only,80,0.9625,4361.6600000023855,NA,NA,NA,NA,FALSE,FALSE,FALSE,FALSE,FALSE,included
67dc5b2e098a6ddc6eda0acd,single_only,80,0.35,1554.792500000447,NA,NA,NA,NA,FALSE,TRUE,TRUE,FALSE,TRUE,low_heatmap_accuracy_below_49.5_of_80
67edb75b0744561f1cf6ff9d,dual_only,80,0.4125,821.5674999995157,0.23159853058727342,-1.5278393174012561,1.991036378575803,FALSE,TRUE,TRUE,TRUE,FALSE,TRUE,phone_dprime_ci_includes_0;low_heatmap_accuracy_below_49.5_of_80
68dd6ada1c06b7f58ff4020c,dual_only,80,1,1428.246250000014,3.4503210969205096,1.9915744775488715,4.909067716292148,TRUE,FALSE,FALSE,FALSE,FALSE,FALSE,included
6941dcdd60e47496c3097b02,single_only,80,1,1126.1062499940394,NA,NA,NA,NA,FALSE,FALSE,FALSE,FALSE,FALSE,included
694407485b91b19f9545cb80,dual_only,80,0.975,2575.349999999992,4.325508012612887,2.755780882848451,5.895235142377323,TRUE,FALSE,FALSE,FALSE,FALSE,FALSE,included
6946df52c8f481594f455bdf,dual_only,80,0.7875000000000002,2246.0274999996645,2.7959793114337055,1.824789232312336,3.767169390555075,TRUE,FALSE,FALSE,FALSE,FALSE,FALSE,included
694c8151e3b8d71d1a2a7f4f,single_only,80,0.5125,1764.857499999646,NA,NA,NA,NA,FALSE,TRUE,TRUE,FALSE,TRUE,low_heatmap_accuracy_below_49.5_of_80
6952c874bffb3b875800a61c,single_only,80,0.9625,2506.081250011921,NA,NA,NA,NA,FALSE,FALSE,FALSE,FALSE,FALSE,included
695faf0ec3b7fbbbf7da9910,single_only,80,1,1839.7587499946355,NA,NA,NA,NA,FALSE,FALSE,FALSE,FALSE,FALSE,included
69666df07d5352bd65323f89,single_only,80,1,3200.07999999933,NA,NA,NA,NA,FALSE,FALSE,FALSE,FALSE,FALSE,included
696947c3dafb0ce06c00cbb1,single_only,80,0.44999999999999996,781.6724999999627,NA,NA,NA,NA,FALSE,TRUE,TRUE,FALSE,TRUE,low_heatmap_accuracy_below_49.5_of_80
69694ea2cc6aea2154a83718,dual_only,80,0.9875,2122.085000000894,3.432086419473734,2.067158217587729,4.797014621359739,TRUE,FALSE,FALSE,FALSE,FALSE,FALSE,included
6978dbe540efad1076e12cfc,dual_only,80,0.9375,1557.2487499922513,2.9762129451236885,1.8138795213529901,4.138546368894387,TRUE,FALSE,FALSE,FALSE,FALSE,FALSE,included
697cc825dbd7461cb71609d1,dual_only,80,0.9625,2026.8050000002609,3.199627221548325,2.091592251736186,4.307662191360464,TRUE,FALSE,FALSE,FALSE,FALSE,FALSE,included
698104dbb695e592122c9cd0,dual_only,80,0.9125,1582.1587499976158,4.054172479737803,2.4005499375499566,5.707795021925649,TRUE,FALSE,FALSE,FALSE,FALSE,FALSE,included
69864b91db1f8e065b805468,single_only,80,0.95,913.2474999979138,NA,NA,NA,NA,FALSE,FALSE,FALSE,FALSE,FALSE,included
698796ccf456c156d91c7409,dual_only,80,0.9125,1786.158750012517,3.3487059847419367,1.9662414246174658,4.731170544866408,TRUE,FALSE,FALSE,FALSE,FALSE,FALSE,included
698bc7c5fea45cd148e37bd8,dual_only,80,0.4,9195.681250001118,3.3445731905138394,2.7449915245276024,3.9441548565000764,TRUE,FALSE,TRUE,TRUE,TRUE,TRUE,low_heatmap_accuracy_below_49.5_of_80
698bf7df3e0b8e83634158c4,single_only,80,0.9875,1188.5125,NA,NA,NA,NA,FALSE,FALSE,FALSE,FALSE,FALSE,included
699389f6845fe709081f515c,single_only,80,0.9625,1072.8687500009314,NA,NA,NA,NA,FALSE,FALSE,FALSE,FALSE,FALSE,included
69939b823c7d1ff0d5eecbb3,dual_only,80,0.7125,4431.4112500000165,2.6692753165698306,2.002729147935253,3.3358214852044084,TRUE,FALSE,FALSE,FALSE,FALSE,FALSE,included
6993e83416945f6b2e3c9818,single_only,80,0.95,1576.1712499827142,NA,NA,NA,NA,FALSE,FALSE,FALSE,FALSE,FALSE,included
69952cbd4aac65ccd088d008,single_only,80,0.975,1909.3424999967222,NA,NA,NA,NA,FALSE,FALSE,FALSE,FALSE,FALSE,included
6997be27e376b1f7355cb8bb,single_only,80,0.925,1601.8137499995528,NA,NA,NA,NA,FALSE,FALSE,FALSE,FALSE,FALSE,included
69987b91b25efc3b28e237dd,dual_only,80,0.975,3747.2375000000006,3.792904222191038,2.5785551802083386,5.0072532641737375,TRUE,FALSE,FALSE,FALSE,FALSE,FALSE,included
6999da133fea0494fa4a958f,dual_only,80,0.9625,2233.6412499994976,4.251462318924158,2.6598184024191145,5.843106235429202,TRUE,FALSE,FALSE,FALSE,FALSE,FALSE,included
699c5e1d7c9771502b7375f6,dual_only,80,0.95,3719.199999999883,3.6956740086460877,2.6903953859520024,4.700952631340173,TRUE,FALSE,FALSE,FALSE,FALSE,FALSE,included
699d45af20adaa6e1e89aa5a,dual_only,80,0.9875,1540.9525000002238,4.007833341747881,2.337312340064665,5.6783543434310975,TRUE,FALSE,FALSE,FALSE,FALSE,FALSE,included
699db1a68d19aeda4ba92c01,dual_only,80,1,1496.3687499985099,3.9747656425542175,2.2938631915454875,5.655668093562948,TRUE,FALSE,FALSE,FALSE,FALSE,FALSE,included
699dbabbdf07ee5972cf7508,dual_only,80,1,1911.6937500029803,3.36070904567063,1.9942592786131748,4.727158812728085,TRUE,FALSE,FALSE,FALSE,FALSE,FALSE,included
699de24cebc30d289ab73f92,dual_only,80,1,1526.1762500004843,3.9771126389492117,2.291304295705668,5.662920982192755,TRUE,FALSE,FALSE,FALSE,FALSE,FALSE,included
699e009b0b32a8fac8a1e39d,single_only,80,1,1250.6449999991805,NA,NA,NA,NA,FALSE,FALSE,FALSE,FALSE,FALSE,included
699f6b268f7c61d2a5dabad2,dual_only,80,0.9375,3091.1449999898673,3.926987392830188,2.6217739554903137,5.232200830170062,TRUE,FALSE,FALSE,FALSE,FALSE,FALSE,included
