Submission id,Participant id,Status,Custom study tncs accepted at,Started at,Completed at,Reviewed at,Archived at,Time taken,Completion code,Total approvals,Gender,Ethnicity,Age,Sex,Ethnicity simplified,Country of birth,Country of residence,Nationality,Language,Student status,Employment status
69b57d06f3bc8d8a4fa015d7,668c2c3b1c453af22c1e1e31,APPROVED,Not Applicable,2026-03-14T15:21:45.581000Z,2026-03-14T15:36:15.249000Z,2026-03-17T20:44:10.475000Z,2026-03-14T15:36:15.760723Z,870.0,COP6XTA3,1290,Woman (including Trans Female/Trans Woman),White,24,Female,White,United States,United States,United States,English,No,Full-Time
69b57d1ceefdaa7b3a2b2240,696a651a32c5d3c0adb0b7cc,APPROVED,Not Applicable,2026-03-14T15:22:08.367000Z,2026-03-14T15:30:36.600000Z,2026-03-17T20:44:10.767000Z,2026-03-14T15:30:36.954552Z,509.0,COP6XTA3,319,Rather not say,White,38,Female,White,United States,United States,United States,English,No,Part-Time
69b5809dc5fae5c050a264d9,66a83f244414aaec48b22552,APPROVED,Not Applicable,2026-03-14T15:37:07.241000Z,2026-03-14T15:46:29.136000Z,2026-03-17T20:44:11.033000Z,2026-03-14T15:46:29.532287Z,562.0,COP6XTA3,942,Man (including Trans Male/Trans Man),Latino/Hispanic,36,Male,White,Mexico,United States,United States,English,No,Full-Time
69b580a342b7bd40786b961e,5e6685e1ffed4c405a4db5d0,APPROVED,Not Applicable,2026-03-14T15:37:24.997000Z,2026-03-14T15:45:29.053000Z,2026-03-17T20:44:11.326000Z,2026-03-14T15:45:29.477665Z,485.0,COP6XTA3,10708,Non-binary (would like to give more detail),Latino/Hispanic,30,Male,White,United States,United States,United States,Spanish,No,Full-Time
69b580a9596f0198bdf987c1,665f81442e9eb2f969a3a4b1,APPROVED,Not Applicable,2026-03-14T15:42:01.117000Z,2026-03-14T15:48:40.698000Z,2026-03-17T20:44:11.587000Z,2026-03-14T15:48:41.039825Z,400.0,COP6XTA3,2713,Man (including Trans Male/Trans Man),South Asian,19,Male,Asian,United States,United States,United States,English,Yes,Full-Time
69b580ac911c3c811b6eb293,60fcc7651cb27f1770cc7ad2,APPROVED,Not Applicable,2026-03-14T15:37:19.717000Z,2026-03-14T15:44:20.051000Z,2026-03-17T20:44:11.827000Z,2026-03-14T15:44:21.252965Z,421.0,COP6XTA3,576,Woman (including Trans Female/Trans Woman),White,22,Female,White,United States,United States,United States,English,Yes,Part-Time
69b580ae79e9b1180ed88049,66b3e078bef7d6dd6c53e015,APPROVED,Not Applicable,2026-03-14T15:42:21.740000Z,2026-03-14T15:54:48.267000Z,2026-03-17T20:44:12.067000Z,2026-03-14T15:54:48.617625Z,747.0,COP6XTA3,4805,Woman (including Trans Female/Trans Woman),White,42,Female,White,United States,United States,United States,English,No,Part-Time
69b580df4cf096214242962c,615e420a23219efe3427a367,APPROVED,Not Applicable,2026-03-14T15:39:12.296000Z,2026-03-14T15:52:52.245000Z,2026-03-17T20:44:12.376000Z,2026-03-14T15:52:52.607873Z,820.0,COP6XTA3,9465,Woman (including Trans Female/Trans Woman),White,70,Female,White,United States,United States,United States,English,No,Full-Time
69b581134f469b97d779904d,5d537c0cecc84200153075e9,APPROVED,Not Applicable,2026-03-14T15:39:02.317000Z,2026-03-14T15:44:37.313000Z,2026-03-17T20:44:12.666000Z,2026-03-14T15:44:37.673510Z,335.0,COP6XTA3,16017,Woman (including Trans Female/Trans Woman),Latino/Hispanic,46,Female,Mixed,United States,United States,United States,English,DATA_EXPIRED,Full-Time
69b581192299605c7cb1d434,65b549c67c7791499c09f8a2,APPROVED,Not Applicable,2026-03-14T15:39:10.341000Z,2026-03-14T15:46:47.065000Z,2026-03-17T20:44:12.916000Z,2026-03-14T15:46:47.476173Z,457.0,COP6XTA3,6494,Woman (including Trans Female/Trans Woman),White,47,Female,White,United States,United States,United States,English,No,Part-Time
69b5811a4cd338d287aaf898,6024c18b094ac71dd93f4f5a,APPROVED,Not Applicable,2026-03-14T15:39:11.906000Z,2026-03-14T15:45:55.813000Z,2026-03-17T20:44:13.195000Z,2026-03-14T15:45:56.195435Z,404.0,COP6XTA3,1342,Woman (including Trans Female/Trans Woman),Latino/Hispanic,27,Female,White,United States,United States,Spain,English,Yes,Full-Time
69b5812338c1da0b7e76aedd,5beccd423b6489000156596f,APPROVED,Not Applicable,2026-03-14T15:39:20.671000Z,2026-03-14T15:46:24.731000Z,2026-03-17T20:44:13.485000Z,2026-03-14T15:46:25.089397Z,425.0,COP6XTA3,8060,Woman (including Trans Female/Trans Woman),White,43,Female,White,United States,United States,United States,English,No,Full-Time
69b58131ae4a3f70a4ba770b,69934339b08d5f0fffb145f4,APPROVED,Not Applicable,2026-03-14T15:39:35.359000Z,2026-03-14T15:47:49.814000Z,2026-03-17T20:44:13.794000Z,2026-03-14T15:47:50.513993Z,495.0,COP6XTA3,113,Woman (including Trans Female/Trans Woman),White,37,Female,White,United States,United States,United States,English,No,Full-Time
69b5813a87f2d9754225cb01,67164d40becf6c95181afe97,APPROVED,Not Applicable,2026-03-14T15:40:33.683000Z,2026-03-14T15:57:09.458000Z,2026-03-17T20:44:14.132000Z,2026-03-14T15:57:09.839874Z,996.0,COP6XTA3,3585,Man (including Trans Male/Trans Man),Latino/Hispanic,37,Male,Other,United States,United States,United States,English,DATA_EXPIRED,Full-Time
69b58164f5e2782c54e22c12,695bd68349914a703c6a9e80,APPROVED,Not Applicable,2026-03-14T15:42:33.494000Z,2026-03-14T15:53:46.451000Z,2026-03-17T20:44:14.440000Z,2026-03-14T15:53:46.830478Z,673.0,COP6XTA3,28,Man (including Trans Male/Trans Man),White,82,Male,White,United States,United States,United States,English,No,"Not in paid work (e.g. homemaker', 'retired or disabled)"
69b581a83d764b166f577984,60bc8860d04f4ac80d319a5c,APPROVED,Not Applicable,2026-03-14T15:43:13.282000Z,2026-03-14T15:52:46.898000Z,2026-03-17T20:44:14.721000Z,2026-03-14T15:52:47.257062Z,574.0,COP6XTA3,10787,Man (including Trans Male/Trans Man),White,76,Male,White,United States,United States,United States,English,No,"Not in paid work (e.g. homemaker', 'retired or disabled)"
69b581d2c05e3e068f0129f5,69925949caa087a146b8dccd,APPROVED,Not Applicable,2026-03-14T15:42:14.382000Z,2026-03-14T15:51:37.228000Z,2026-03-17T20:44:14.965000Z,2026-03-14T15:51:37.643579Z,563.0,COP6XTA3,342,Man (including Trans Male/Trans Man),White,39,Male,White,United States,United States,United States,English,No,Full-Time
69b5820d4a93a15600fe8a1d,5dcea4c3bc83380fe65dba2a,APPROVED,Not Applicable,2026-03-14T15:43:13.913000Z,2026-03-14T15:50:49.336000Z,2026-03-17T20:44:15.216000Z,2026-03-14T15:50:49.719897Z,456.0,COP6XTA3,11138,Man (including Trans Male/Trans Man),White,62,Male,White,United States,United States,United States,English,No,Full-Time
69b58215cc24540bb0591133,6991e46740117ca6ef90cd7c,APPROVED,Not Applicable,2026-03-14T15:43:27.040000Z,2026-03-14T15:57:20.062000Z,2026-03-17T20:44:15.467000Z,2026-03-14T15:57:20.409823Z,834.0,COP6XTA3,265,Woman (including Trans Female/Trans Woman),Black/African American,27,Female,Black,United States,United States,United States,English,No,Unemployed (and job seeking)
69b5822bb5578b4ecef1dc67,69acf86d93afc119933913e5,APPROVED,Not Applicable,2026-03-14T15:43:44.132000Z,2026-03-14T15:53:03.108000Z,2026-03-17T20:44:15.736000Z,2026-03-14T15:53:03.489822Z,559.0,COP6XTA3,28,Man (including Trans Male/Trans Man),Latino/Hispanic,21,Male,Mixed,United States,United States,United States,English,No,Full-Time
69b582307af25be398d9b689,5e9f3deb12d01a0b806e57b7,APPROVED,Not Applicable,2026-03-14T15:43:49.062000Z,2026-03-14T15:51:01.087000Z,2026-03-17T20:44:15.991000Z,2026-03-14T15:51:01.481228Z,433.0,COP6XTA3,542,Man (including Trans Male/Trans Man),White,33,Male,White,United States,United States,United States,English,No,Full-Time
69b5827aed201a06dcd406ab,69adf22dc3c63cb295877200,APPROVED,Not Applicable,2026-03-14T15:45:07.545000Z,2026-03-14T15:56:44.354000Z,2026-03-17T20:44:16.220000Z,2026-03-14T15:56:44.829465Z,697.0,COP6XTA3,34,Woman (including Trans Female/Trans Woman),Latino/Hispanic,31,Female,Mixed,Dominican Republic,United States,Dominican Republic,Spanish,No,Full-Time
69b582a6d45852c68e35b6ec,6544ff9e0fb2eaaf83e2de5c,APPROVED,Not Applicable,2026-03-14T15:45:53.435000Z,2026-03-14T15:55:23.488000Z,2026-03-17T20:44:16.558000Z,2026-03-14T15:55:23.882838Z,571.0,COP6XTA3,3070,Woman (including Trans Female/Trans Woman),White,63,Female,White,United States,United States,United States,English,No,Full-Time
69b582ab4f56d949d2827b66,5c309bb410677f0001dda0ed,APPROVED,Not Applicable,2026-03-14T15:47:21.553000Z,2026-03-14T15:56:53.469000Z,2026-03-17T20:44:17.377000Z,2026-03-14T15:56:53.936203Z,572.0,COP6XTA3,8175,Man (including Trans Male/Trans Man),White,45,Male,White,United States,United States,United States,English,No,Other
69b582ad057d308773f00785,6984a9d17c365f6f621d7fe7,APPROVED,Not Applicable,2026-03-14T15:45:52.974000Z,2026-03-14T15:53:33.052000Z,2026-03-17T20:44:17.608000Z,2026-03-14T15:53:33.460302Z,461.0,COP6XTA3,232,Woman (including Trans Female/Trans Woman),Black/African American,29,Female,Black,United States,United States,United States,English,No,Full-Time
69b582bc1c151627d424a7d2,604fe822b095421e07e3f93e,APPROVED,Not Applicable,2026-03-14T15:46:08.504000Z,2026-03-14T15:54:47.519000Z,2026-03-17T20:44:17.853000Z,2026-03-14T15:54:47.894264Z,520.0,COP6XTA3,6286,Man (including Trans Male/Trans Man),White,33,Male,White,United States,United States,United States,English,No,Full-Time
69b58307ad6185b9160801bf,65fcab5ed252c205f819b116,APPROVED,Not Applicable,2026-03-14T15:47:22.427000Z,2026-03-14T15:54:06.272000Z,2026-03-17T20:44:18.112000Z,2026-03-14T15:54:06.616726Z,404.0,COP6XTA3,1547,Man (including Trans Male/Trans Man),White,34,Male,White,United States,United States,United States,English,No,Full-Time
69b58343babeb01153d8a5d7,66d1fdd400acfdbc181f41e0,APPROVED,Not Applicable,2026-03-14T15:48:23.700000Z,2026-03-14T15:57:20.652000Z,2026-03-17T20:44:18.420000Z,2026-03-14T15:57:21.046736Z,537.0,COP6XTA3,6493,Man (including Trans Male/Trans Man),White,51,Male,White,Canada,United States,Canada,English,No,Full-Time
69b58419434f1073dc0227a8,69a5c155a852c9a8ab7762fa,APPROVED,Not Applicable,2026-03-14T15:52:03.645000Z,2026-03-14T16:02:10.171000Z,2026-03-17T20:44:18.759000Z,2026-03-14T16:02:10.568491Z,607.0,COP6XTA3,84,Woman (including Trans Female/Trans Woman),Black/African American,32,Female,Prefer not to say,United States,United States,United States,English,No,Unemployed (and job seeking)
69b58435bc241c79991aeca8,5c2d187569ceff00011417de,APPROVED,Not Applicable,2026-03-14T15:52:27.374000Z,2026-03-14T15:58:51.505000Z,2026-03-17T20:44:19.079000Z,2026-03-14T15:58:51.862213Z,385.0,COP6XTA3,8041,Woman (including Trans Female/Trans Woman),White,39,Female,White,United States,United States,United States,English,No,Full-Time
69b58437615f4333814ab4d4,663cceb7909a43d4d01e0c24,APPROVED,Not Applicable,2026-03-14T15:52:28.595000Z,2026-03-14T15:59:37.363000Z,2026-03-17T20:44:19.367000Z,2026-03-14T15:59:37.804301Z,429.0,COP6XTA3,2855,Woman (including Trans Female/Trans Woman),White,30,Female,White,United States,United States,United States,English,DATA_EXPIRED,Part-Time
69b5847d00d5985846c1a56f,671bfa2f8751aef24b7d0b3a,APPROVED,Not Applicable,2026-03-14T15:53:39.724000Z,2026-03-14T16:04:17.378000Z,2026-03-17T20:44:19.671000Z,2026-03-14T16:04:17.892408Z,638.0,COP6XTA3,1535,Man (including Trans Male/Trans Man),White,39,Male,White,United States,United States,United States,English,No,Full-Time
69b584a151c2ae5db3188c47,5de7d12c26dd95000b6824c5,APPROVED,Not Applicable,2026-03-14T15:54:17.171000Z,2026-03-14T16:03:25.951000Z,2026-03-17T20:44:20.029000Z,2026-03-14T16:03:26.423985Z,549.0,COP6XTA3,2244,Man (including Trans Male/Trans Man),White,50,Male,White,United States,United States,United States,English,No,"Not in paid work (e.g. homemaker', 'retired or disabled)"
69b5851e434f1073dc0227e8,671ab0904de8eb7273ae9d42,APPROVED,Not Applicable,2026-03-14T15:56:22.986000Z,2026-03-14T16:04:54.529000Z,2026-03-17T20:44:20.280000Z,2026-03-14T16:04:54.906960Z,512.0,COP6XTA3,3667,Woman (including Trans Female/Trans Woman),Black/African American,55,Female,Black,United States,United States,United States,English,No,Full-Time
69b585e6e8486bd019b30345,5fb156d6e16ee65ed2558d7c,APPROVED,Not Applicable,2026-03-14T15:59:59.433000Z,2026-03-14T16:20:38.355000Z,2026-03-17T20:44:20.529000Z,2026-03-14T16:20:38.800593Z,1239.0,COP6XTA3,3570,Man (including Trans Male/Trans Man),White,25,Male,White,United States,United States,United States,English,DATA_EXPIRED,Part-Time
69b586685f1225e1051cc290,61bb396840db417c1a138e3d,APPROVED,Not Applicable,2026-03-14T16:02:42.793000Z,2026-03-14T16:22:00.982000Z,2026-03-17T20:44:20.917000Z,2026-03-14T16:22:01.353745Z,1159.0,COP6XTA3,4490,Woman (including Trans Female/Trans Woman),African,43,Female,Black,Ethiopia,United States,Ethiopia,Amharic,No,Full-Time
69b58792f6ee9a725951b793,698b56669942057664689445,APPROVED,Not Applicable,2026-03-14T16:06:54.083000Z,2026-03-14T16:16:48.023000Z,2026-03-17T20:44:21.150000Z,2026-03-14T16:16:48.414567Z,594.0,COP6XTA3,99,Woman (including Trans Female/Trans Woman),White,43,Female,White,United States,United States,United States,English,No,"Not in paid work (e.g. homemaker', 'retired or disabled)"
69b587a898defbf3cb3cc21a,6983d70423bcb8acb217e6c9,APPROVED,Not Applicable,2026-03-14T16:07:06.825000Z,2026-03-14T16:14:30.808000Z,2026-03-17T20:44:21.432000Z,2026-03-14T16:14:31.235019Z,444.0,COP6XTA3,526,Man (including Trans Male/Trans Man),White,40,Male,White,United States,United States,United States,English,No,"Not in paid work (e.g. homemaker', 'retired or disabled)"
69b588c92b99de94d233f495,69b473c6ef06fe86d13fca62,APPROVED,Not Applicable,2026-03-14T16:11:57.024000Z,2026-03-14T16:21:44.262000Z,2026-03-17T20:44:21.679000Z,2026-03-14T16:21:44.779693Z,588.0,COP6XTA3,7,Woman (including Trans Female/Trans Woman),White,37,Female,White,United States,United States,United States,English,No,Full-Time
69b58915468ffc579e88a1a2,6664a1634453306b040667c8,APPROVED,Not Applicable,2026-03-14T16:13:15.302000Z,2026-03-14T16:21:03.385000Z,2026-03-17T20:44:21.929000Z,2026-03-14T16:21:04.424779Z,469.0,COP6XTA3,3349,Woman (including Trans Female/Trans Woman),White,59,Female,White,Germany,United States,United States,English,No,Part-Time
69b5894de609a67309008a2a,5ecc6ffce3ca77849333e83e,APPROVED,Not Applicable,2026-03-14T16:14:08.926000Z,2026-03-14T16:20:34.115000Z,2026-03-17T20:44:22.207000Z,2026-03-14T16:20:34.483569Z,386.0,COP6XTA3,11537,Man (including Trans Male/Trans Man),South East Asian,46,Male,Asian,Australia,United States,United States,English,No,DATA_EXPIRED
69b58a26e3ea53c943616eac,69b306d0aabcb968f7ca7ec5,APPROVED,Not Applicable,2026-03-14T16:18:33.604000Z,2026-03-14T16:27:26.655000Z,2026-03-17T20:44:22.475000Z,2026-03-14T16:27:27.054977Z,534.0,COP6XTA3,64,Man (including Trans Male/Trans Man),East Asian,47,Male,Asian,Korea,United States,Korea,Korean,No,Full-Time
69b58a27e1186bb525908e75,69adc20056851fd7e8fc3ccf,APPROVED,Not Applicable,2026-03-14T16:17:47.944000Z,2026-03-14T16:25:58.900000Z,2026-03-17T20:44:22.746000Z,2026-03-14T16:25:59.275818Z,491.0,COP6XTA3,152,Woman (including Trans Female/Trans Woman),White,33,Female,White,Germany,United States,United States,English,No,Full-Time
69b58b5309b84c16bf0129f7,69a2031dab8373c829ee7358,APPROVED,Not Applicable,2026-03-14T16:22:48.689000Z,2026-03-14T16:30:00.955000Z,2026-03-17T20:44:22.997000Z,2026-03-14T16:30:01.348285Z,433.0,COP6XTA3,180,Man (including Trans Male/Trans Man),White,43,Male,White,United States,United States,United States,Belarusian,No,Unemployed (and job seeking)
69b58b92bed00813fcc0f144,69a487baa6a180f22544ba20,APPROVED,Not Applicable,2026-03-14T16:23:50.955000Z,2026-03-14T16:31:07.739000Z,2026-03-17T20:44:23.270000Z,2026-03-14T16:31:08.327137Z,437.0,COP6XTA3,369,Man (including Trans Male/Trans Man),Black/African American,29,Male,Black,United States,United States,United States,English,Yes,Full-Time
69b58c8faecf001a18ed695d,6606f138695c55157b90291c,APPROVED,Not Applicable,2026-03-14T16:28:06.591000Z,2026-03-14T16:35:38.370000Z,2026-03-17T20:44:23.518000Z,2026-03-14T16:35:38.762272Z,452.0,COP6XTA3,1630,Man (including Trans Male/Trans Man),Black/African American,51,Male,Black,United States,United States,United States,English,No,Full-Time
69b58ca8f50c37445fb0056e,67daaf1bd5692a92530dcadb,APPROVED,Not Applicable,2026-03-14T16:28:29.220000Z,2026-03-14T16:35:12.477000Z,2026-03-17T20:44:23.742000Z,2026-03-14T16:35:12.836584Z,404.0,COP6XTA3,1384,Man (including Trans Male/Trans Man),White,72,Male,White,United States,United States,United States,English,No,Part-Time
69b58d04e7f477ffccda5895,58cbd0a55d42920001414dd3,APPROVED,Not Applicable,2026-03-14T16:29:56.841000Z,2026-03-14T16:40:34.360000Z,2026-03-17T20:44:24.035000Z,2026-03-14T16:40:34.736285Z,638.0,COP6XTA3,2305,Man (including Trans Male/Trans Man),White,36,Male,White,United States,United States,United States,English,No,Unemployed (and job seeking)
69b58d6b2d43f9bf2a322609,697ed59824964096e537d7d3,APPROVED,Not Applicable,2026-03-14T16:31:43.171000Z,2026-03-14T16:38:50.464000Z,2026-03-17T20:44:24.293000Z,2026-03-14T16:38:50.839450Z,428.0,COP6XTA3,471,Man (including Trans Male/Trans Man),Latino/Hispanic,22,Male,Other,United States,United States,United States,English,No,Unemployed (and job seeking)
69b58d740632bf7d14282a93,69829bc1224b28f0538900d5,APPROVED,Not Applicable,2026-03-14T16:32:20.040000Z,2026-03-14T16:40:34.866000Z,2026-03-17T20:44:24.534000Z,2026-03-14T16:40:35.247983Z,495.0,COP6XTA3,1221,Man (including Trans Male/Trans Man),Latino/Hispanic,44,Male,Mixed,United States,United States,United States,English,No,Full-Time
69b58e62080b526c4616275f,5b4d64a9b8b20a00015a850e,APPROVED,Not Applicable,2026-03-14T16:35:50.512000Z,2026-03-14T16:41:12.670000Z,2026-03-17T20:44:24.789000Z,2026-03-14T16:41:13.021689Z,323.0,COP6XTA3,149,Man (including Trans Male/Trans Man),White,42,Male,White,United States,United States,United States,English,No,Full-Time
69b59040f2fc773b5e4f9f24,6705977e4d70a709a02b2b4f,APPROVED,Not Applicable,2026-03-14T16:43:53.104000Z,2026-03-14T16:54:19.867000Z,2026-03-17T20:44:25.040000Z,2026-03-14T16:54:20.358336Z,627.0,COP6XTA3,269,Man (including Trans Male/Trans Man),White,47,Male,White,United States,United States,United States,English,DATA_EXPIRED,DATA_EXPIRED
69b591388a548138567144d0,695fc3adc91e0de4df9e63e8,APPROVED,Not Applicable,2026-03-14T16:47:57.463000Z,2026-03-14T16:57:15.191000Z,2026-03-17T20:44:25.378000Z,2026-03-14T16:57:15.596548Z,558.0,COP6XTA3,552,Woman (including Trans Female/Trans Woman),Mixed,41,Female,White,United States,United States,United States,English,No,Unemployed (and job seeking)
69b591b13ebc26334da5725b,5c3a5a61fc2bdf00017714a2,APPROVED,Not Applicable,2026-03-14T16:49:58.003000Z,2026-03-14T16:58:22.358000Z,2026-03-17T20:44:25.716000Z,2026-03-14T16:58:22.726617Z,505.0,COP6XTA3,3885,Woman (including Trans Female/Trans Woman),White,63,Female,White,United States,United States,United States,English,No,Full-Time
69b59e9c37eef849eae736b4,67ca0f025ac00bea9d6fa2ff,APPROVED,Not Applicable,2026-03-14T17:45:54.016000Z,2026-03-14T18:05:13.290000Z,2026-03-17T20:44:25.963000Z,2026-03-14T18:05:13.668188Z,1160.0,COP6XTA3,87,Man (including Trans Male/Trans Man),Black/African American,34,Male,Black,United States,United States,United States,English,DATA_EXPIRED,DATA_EXPIRED
69b5a3289834921cfe5db70e,66d8b0d36ce7d36e6f850028,APPROVED,Not Applicable,2026-03-14T18:04:27.017000Z,2026-03-14T18:11:49.101000Z,2026-03-17T20:44:26.216000Z,2026-03-14T18:11:49.479010Z,443.0,COP6XTA3,593,Man (including Trans Male/Trans Man),Mixed,20,Male,Mixed,United States,United States,United States,English,Yes,Unemployed (and job seeking)
69b5a55f4da3185fb2a693e3,663a5fd6be8d75132d5c3e73,APPROVED,Not Applicable,2026-03-14T18:13:57.692000Z,2026-03-14T18:20:57.482000Z,2026-03-17T20:44:26.457000Z,2026-03-14T18:20:57.857896Z,420.0,COP6XTA3,1883,Woman (including Trans Female/Trans Woman),White,31,Female,White,United States,United States,United States,English,No,Full-Time
69b5ae63409e13cfeeee9e12,5f4a4da1575d605c43bef871,APPROVED,Not Applicable,2026-03-14T18:53:00.239000Z,2026-03-14T19:00:50.776000Z,2026-03-17T20:44:26.690000Z,2026-03-14T19:00:51.158626Z,471.0,COP6XTA3,9835,Woman (including Trans Female/Trans Woman),Mixed,67,Female,White,United States,United States,United States,English,No,Full-Time
69b5af4d5802b3e23791f8e7,69a5e6f586d61f0e699b64b5,APPROVED,Not Applicable,2026-03-14T18:56:32.164000Z,2026-03-14T19:06:49.017000Z,2026-03-17T20:44:27.018000Z,2026-03-14T19:06:49.376266Z,617.0,COP6XTA3,326,Woman (including Trans Female/Trans Woman),Black/African American,24,Female,Black,United States,United States,United States,English,No,Part-Time
69b5b887ea5ba3c37bc7ab49,699272bdfe904d1053d03405,APPROVED,Not Applicable,2026-03-14T19:35:38.250000Z,2026-03-14T19:42:48.100000Z,2026-03-17T20:44:27.272000Z,2026-03-14T19:42:48.617921Z,430.0,COP6XTA3,127,Woman (including Trans Female/Trans Woman),White,32,Female,White,United States,United States,United States,English,Yes,Full-Time
69b5c7b9e66dc0e04c0d63dc,6933a234773555df88857a03,APPROVED,Not Applicable,2026-03-14T20:40:27.849000Z,2026-03-14T20:47:43.914000Z,2026-03-17T20:44:27.597000Z,2026-03-14T20:47:44.644201Z,437.0,COP6XTA3,1251,Man (including Trans Male/Trans Man),White,26,Male,White,United States,United States,United States,English,No,Full-Time
69b5c7ba69dd86ae74efd633,69953458bd746094a67ced96,APPROVED,Not Applicable,2026-03-14T20:40:30.348000Z,2026-03-14T20:48:02.676000Z,2026-03-17T20:44:27.971000Z,2026-03-14T20:48:03.215226Z,453.0,COP6XTA3,471,Woman (including Trans Female/Trans Woman),White,56,Female,White,United States,United States,United States,English,No,Full-Time
69b5c7fe6d335374abca4cf9,652359572fd30ff57dfea7fb,APPROVED,Not Applicable,2026-03-14T20:46:52.188000Z,2026-03-14T21:16:43.782000Z,2026-03-17T20:44:28.324000Z,2026-03-14T21:16:44.294980Z,1792.0,COP6XTA3,3333,Woman (including Trans Female/Trans Woman),White,53,Female,White,United States,United States,United States,English,DATA_EXPIRED,DATA_EXPIRED
69b5c8556539c58b90008624,655e3d32d5562c5520717cfc,APPROVED,Not Applicable,2026-03-14T20:43:04.752000Z,2026-03-14T21:14:28.346000Z,2026-03-17T20:44:28.590000Z,2026-03-14T21:14:28.749214Z,1884.0,COP6XTA3,2077,Woman (including Trans Female/Trans Woman),Mixed,43,Female,Other,United States,United States,United States,English,No,Full-Time
69b5c8cf7059ed6d38a886c5,6942a793a0943732e26bc8a2,APPROVED,Not Applicable,2026-03-14T20:45:09.418000Z,2026-03-14T20:55:31.845000Z,2026-03-17T20:44:28.970000Z,2026-03-14T20:55:32.254890Z,623.0,COP6XTA3,1688,Woman (including Trans Female/Trans Woman),White,58,Female,White,United States,United States,United States,English,No,Other
69b57d13e8c5e8647a380431,671e55aeca0216c5762de35a,RETURNED,Not Applicable,2026-03-14T15:22:01.098000Z,,,,,,1204,CONSENT_REVOKED,CONSENT_REVOKED,CONSENT_REVOKED,CONSENT_REVOKED,CONSENT_REVOKED,CONSENT_REVOKED,CONSENT_REVOKED,CONSENT_REVOKED,CONSENT_REVOKED,CONSENT_REVOKED,CONSENT_REVOKED
69b580a2675a47932c7fbecc,5ed559e5afbd830e2117ed55,RETURNED,Not Applicable,2026-03-14T15:37:09.584000Z,,,,,,19547,CONSENT_REVOKED,CONSENT_REVOKED,CONSENT_REVOKED,CONSENT_REVOKED,CONSENT_REVOKED,CONSENT_REVOKED,CONSENT_REVOKED,CONSENT_REVOKED,CONSENT_REVOKED,CONSENT_REVOKED,CONSENT_REVOKED
69b580a8d6105e50e6078758,5f980b24306ea30508dae65d,RETURNED,Not Applicable,2026-03-14T15:37:15.366000Z,,,,,,228,CONSENT_REVOKED,CONSENT_REVOKED,CONSENT_REVOKED,CONSENT_REVOKED,CONSENT_REVOKED,CONSENT_REVOKED,CONSENT_REVOKED,CONSENT_REVOKED,CONSENT_REVOKED,CONSENT_REVOKED,CONSENT_REVOKED
69b58137dd4be1632f569cc8,666ca8f24bc3a8e75b8f6ee2,RETURNED,Not Applicable,2026-03-14T15:39:41.097000Z,,,,,,3835,CONSENT_REVOKED,CONSENT_REVOKED,CONSENT_REVOKED,CONSENT_REVOKED,CONSENT_REVOKED,CONSENT_REVOKED,CONSENT_REVOKED,CONSENT_REVOKED,CONSENT_REVOKED,CONSENT_REVOKED,CONSENT_REVOKED
69b581a22c8f722064e6970d,695ff4b3852c64a058ca6054,RETURNED,Not Applicable,2026-03-14T15:41:25.511000Z,,,,,,530,CONSENT_REVOKED,CONSENT_REVOKED,CONSENT_REVOKED,CONSENT_REVOKED,CONSENT_REVOKED,CONSENT_REVOKED,CONSENT_REVOKED,CONSENT_REVOKED,CONSENT_REVOKED,CONSENT_REVOKED,CONSENT_REVOKED
69b581c03efdc34be75cca5f,6630e55b3b999569b5a36635,RETURNED,Not Applicable,2026-03-14T15:43:33.506000Z,,,,,,4955,CONSENT_REVOKED,CONSENT_REVOKED,CONSENT_REVOKED,CONSENT_REVOKED,CONSENT_REVOKED,CONSENT_REVOKED,CONSENT_REVOKED,CONSENT_REVOKED,CONSENT_REVOKED,CONSENT_REVOKED,CONSENT_REVOKED
69b581c8d8065f3bd4543f10,5a0a02fba383a100011b4b5e,RETURNED,Not Applicable,2026-03-14T15:42:13.235000Z,,,,,,2816,CONSENT_REVOKED,CONSENT_REVOKED,CONSENT_REVOKED,CONSENT_REVOKED,CONSENT_REVOKED,CONSENT_REVOKED,CONSENT_REVOKED,CONSENT_REVOKED,CONSENT_REVOKED,CONSENT_REVOKED,CONSENT_REVOKED
69b58229f3fb5aa611b81f3c,6632edd68127fba862de05bf,RETURNED,Not Applicable,2026-03-14T15:43:41.052000Z,,,,,,5088,CONSENT_REVOKED,CONSENT_REVOKED,CONSENT_REVOKED,CONSENT_REVOKED,CONSENT_REVOKED,CONSENT_REVOKED,CONSENT_REVOKED,CONSENT_REVOKED,CONSENT_REVOKED,CONSENT_REVOKED,CONSENT_REVOKED
69b58245aa0fa7c6f98e2b35,673e5fc42cbf961c153d09d3,RETURNED,Not Applicable,2026-03-14T15:44:05.094000Z,,,,,,625,CONSENT_REVOKED,CONSENT_REVOKED,CONSENT_REVOKED,CONSENT_REVOKED,CONSENT_REVOKED,CONSENT_REVOKED,CONSENT_REVOKED,CONSENT_REVOKED,CONSENT_REVOKED,CONSENT_REVOKED,CONSENT_REVOKED
69b58291ff797bad5c631eaa,66a12db44b0e92c34a80b5c6,RETURNED,Not Applicable,2026-03-14T15:45:25.086000Z,,,,,,1384,CONSENT_REVOKED,CONSENT_REVOKED,CONSENT_REVOKED,CONSENT_REVOKED,CONSENT_REVOKED,CONSENT_REVOKED,CONSENT_REVOKED,CONSENT_REVOKED,CONSENT_REVOKED,CONSENT_REVOKED,CONSENT_REVOKED
69b582c9fec7d957a5efedf4,680cf3759bbfca13d68e130a,RETURNED,Not Applicable,2026-03-14T15:46:20.790000Z,,,,,,4800,CONSENT_REVOKED,CONSENT_REVOKED,CONSENT_REVOKED,CONSENT_REVOKED,CONSENT_REVOKED,CONSENT_REVOKED,CONSENT_REVOKED,CONSENT_REVOKED,CONSENT_REVOKED,CONSENT_REVOKED,CONSENT_REVOKED
69b582fc704600b62899fbd5,558f226dfdf99b6ebd36218a,RETURNED,Not Applicable,2026-03-14T15:47:14.678000Z,,,,,,1856,CONSENT_REVOKED,CONSENT_REVOKED,CONSENT_REVOKED,CONSENT_REVOKED,CONSENT_REVOKED,CONSENT_REVOKED,CONSENT_REVOKED,CONSENT_REVOKED,CONSENT_REVOKED,CONSENT_REVOKED,CONSENT_REVOKED
69b583af56041edd2869323d,622f7f35376a1f92763ddbe2,RETURNED,Not Applicable,2026-03-14T15:50:57.136000Z,,,,,,8602,CONSENT_REVOKED,CONSENT_REVOKED,CONSENT_REVOKED,CONSENT_REVOKED,CONSENT_REVOKED,CONSENT_REVOKED,CONSENT_REVOKED,CONSENT_REVOKED,CONSENT_REVOKED,CONSENT_REVOKED,CONSENT_REVOKED
69b5841b0af7b5cdaae42b5f,55fc2b4377f33b000ecb21ed,RETURNED,Not Applicable,2026-03-14T15:52:08.170000Z,,,,,,3260,CONSENT_REVOKED,CONSENT_REVOKED,CONSENT_REVOKED,CONSENT_REVOKED,CONSENT_REVOKED,CONSENT_REVOKED,CONSENT_REVOKED,CONSENT_REVOKED,CONSENT_REVOKED,CONSENT_REVOKED,CONSENT_REVOKED
69b5842127326aa10edfd7ca,678af0a3161e3e871bbade54,RETURNED,Not Applicable,2026-03-14T15:52:35.955000Z,,,,,,7029,CONSENT_REVOKED,CONSENT_REVOKED,CONSENT_REVOKED,CONSENT_REVOKED,CONSENT_REVOKED,CONSENT_REVOKED,CONSENT_REVOKED,CONSENT_REVOKED,CONSENT_REVOKED,CONSENT_REVOKED,CONSENT_REVOKED
69b585ceb187ad145dfe8212,55aeaeb3fdf99b5c769f1f7c,RETURNED,Not Applicable,2026-03-14T16:07:05.191000Z,,,,,,14395,CONSENT_REVOKED,CONSENT_REVOKED,CONSENT_REVOKED,CONSENT_REVOKED,CONSENT_REVOKED,CONSENT_REVOKED,CONSENT_REVOKED,CONSENT_REVOKED,CONSENT_REVOKED,CONSENT_REVOKED,CONSENT_REVOKED
69b58641a048bc7062c9896d,559c3e07fdf99b32b55f2d8d,RETURNED,Not Applicable,2026-03-14T16:01:05.765000Z,,,,,,7435,CONSENT_REVOKED,CONSENT_REVOKED,CONSENT_REVOKED,CONSENT_REVOKED,CONSENT_REVOKED,CONSENT_REVOKED,CONSENT_REVOKED,CONSENT_REVOKED,CONSENT_REVOKED,CONSENT_REVOKED,CONSENT_REVOKED
69b586aa6c4cd29c8a91f8b1,662e66138060bf4a9db8c159,RETURNED,Not Applicable,2026-03-14T16:03:00.149000Z,,,,,,2833,CONSENT_REVOKED,CONSENT_REVOKED,CONSENT_REVOKED,CONSENT_REVOKED,CONSENT_REVOKED,CONSENT_REVOKED,CONSENT_REVOKED,CONSENT_REVOKED,CONSENT_REVOKED,CONSENT_REVOKED,CONSENT_REVOKED
69b586bef6ee9a725951b77c,654a86d08714f739c9fcea21,RETURNED,Not Applicable,2026-03-14T16:03:35.663000Z,,,,,,4200,CONSENT_REVOKED,CONSENT_REVOKED,CONSENT_REVOKED,CONSENT_REVOKED,CONSENT_REVOKED,CONSENT_REVOKED,CONSENT_REVOKED,CONSENT_REVOKED,CONSENT_REVOKED,CONSENT_REVOKED,CONSENT_REVOKED
69b587419ccf9ceb9ffb00a1,6944c2d67b5767d9b4e3522d,RETURNED,Not Applicable,2026-03-14T16:06:09.570000Z,,,,,,88,CONSENT_REVOKED,CONSENT_REVOKED,CONSENT_REVOKED,CONSENT_REVOKED,CONSENT_REVOKED,CONSENT_REVOKED,CONSENT_REVOKED,CONSENT_REVOKED,CONSENT_REVOKED,CONSENT_REVOKED,CONSENT_REVOKED
69b58769a120e0de189554d1,5ced23c585712e00190bd98a,RETURNED,Not Applicable,2026-03-14T16:06:08.054000Z,,,,,,11593,CONSENT_REVOKED,CONSENT_REVOKED,CONSENT_REVOKED,CONSENT_REVOKED,CONSENT_REVOKED,CONSENT_REVOKED,CONSENT_REVOKED,CONSENT_REVOKED,CONSENT_REVOKED,CONSENT_REVOKED,CONSENT_REVOKED
69b5877ce03d5832da3fd365,69a65cb77a65aab485084932,RETURNED,Not Applicable,2026-03-14T16:06:31.396000Z,,,,,,269,CONSENT_REVOKED,CONSENT_REVOKED,CONSENT_REVOKED,CONSENT_REVOKED,CONSENT_REVOKED,CONSENT_REVOKED,CONSENT_REVOKED,CONSENT_REVOKED,CONSENT_REVOKED,CONSENT_REVOKED,CONSENT_REVOKED
69b5881ca2d6caef1ed0c379,66116b936273edeae82eb481,RETURNED,Not Applicable,2026-03-14T16:10:16.433000Z,,,,,,4432,CONSENT_REVOKED,CONSENT_REVOKED,CONSENT_REVOKED,CONSENT_REVOKED,CONSENT_REVOKED,CONSENT_REVOKED,CONSENT_REVOKED,CONSENT_REVOKED,CONSENT_REVOKED,CONSENT_REVOKED,CONSENT_REVOKED
69b58a27a8239f5e404c22b0,5ce42b3454e33d001918923a,RETURNED,Not Applicable,2026-03-14T16:17:47.835000Z,,,,,,4775,CONSENT_REVOKED,CONSENT_REVOKED,CONSENT_REVOKED,CONSENT_REVOKED,CONSENT_REVOKED,CONSENT_REVOKED,CONSENT_REVOKED,CONSENT_REVOKED,CONSENT_REVOKED,CONSENT_REVOKED,CONSENT_REVOKED
69b58a3565dd3a5f2f99fbfa,62e031ff72817d69b9ceae0c,RETURNED,Not Applicable,2026-03-14T16:18:01.408000Z,,,,,,2116,CONSENT_REVOKED,CONSENT_REVOKED,CONSENT_REVOKED,CONSENT_REVOKED,CONSENT_REVOKED,CONSENT_REVOKED,CONSENT_REVOKED,CONSENT_REVOKED,CONSENT_REVOKED,CONSENT_REVOKED,CONSENT_REVOKED
69b58a87db9414b16fa64460,5ff591cba89e1b000bfb9852,RETURNED,Not Applicable,2026-03-14T16:19:22.114000Z,,,,,,20564,CONSENT_REVOKED,CONSENT_REVOKED,CONSENT_REVOKED,CONSENT_REVOKED,CONSENT_REVOKED,CONSENT_REVOKED,CONSENT_REVOKED,CONSENT_REVOKED,CONSENT_REVOKED,CONSENT_REVOKED,CONSENT_REVOKED
69b58da05aa72c6530530525,5bd8fabf544d4f000141d94d,RETURNED,Not Applicable,2026-03-14T16:32:41.639000Z,,,,,,12121,CONSENT_REVOKED,CONSENT_REVOKED,CONSENT_REVOKED,CONSENT_REVOKED,CONSENT_REVOKED,CONSENT_REVOKED,CONSENT_REVOKED,CONSENT_REVOKED,CONSENT_REVOKED,CONSENT_REVOKED,CONSENT_REVOKED
69b58eef033cc493df9e37b9,67aa52dcb66d138fca70a211,RETURNED,Not Applicable,2026-03-14T16:41:07.928000Z,,,,,,2485,CONSENT_REVOKED,CONSENT_REVOKED,CONSENT_REVOKED,CONSENT_REVOKED,CONSENT_REVOKED,CONSENT_REVOKED,CONSENT_REVOKED,CONSENT_REVOKED,CONSENT_REVOKED,CONSENT_REVOKED,CONSENT_REVOKED
69b59f489b9edaed735ff0df,66293af123d55f1dadad5ceb,RETURNED,Not Applicable,2026-03-14T17:47:57.099000Z,,,,,,7352,CONSENT_REVOKED,CONSENT_REVOKED,CONSENT_REVOKED,CONSENT_REVOKED,CONSENT_REVOKED,CONSENT_REVOKED,CONSENT_REVOKED,CONSENT_REVOKED,CONSENT_REVOKED,CONSENT_REVOKED,CONSENT_REVOKED
69b5a18126192d118da4118c,5a0efb83ab721b0001ef8509,RETURNED,Not Applicable,2026-03-14T17:57:57.747000Z,,,,,,9672,CONSENT_REVOKED,CONSENT_REVOKED,CONSENT_REVOKED,CONSENT_REVOKED,CONSENT_REVOKED,CONSENT_REVOKED,CONSENT_REVOKED,CONSENT_REVOKED,CONSENT_REVOKED,CONSENT_REVOKED,CONSENT_REVOKED
69b5a31723c83aae382ee2ac,56ad40ce5ea7aa000cbe1947,RETURNED,Not Applicable,2026-03-14T18:04:17.993000Z,,,,,,3687,CONSENT_REVOKED,CONSENT_REVOKED,CONSENT_REVOKED,CONSENT_REVOKED,CONSENT_REVOKED,CONSENT_REVOKED,CONSENT_REVOKED,CONSENT_REVOKED,CONSENT_REVOKED,CONSENT_REVOKED,CONSENT_REVOKED
69b5a6746c23decd1d91010f,67e6bc676fb4db70edc23b5b,RETURNED,Not Applicable,2026-03-14T18:18:34.997000Z,,,,,,2754,CONSENT_REVOKED,CONSENT_REVOKED,CONSENT_REVOKED,CONSENT_REVOKED,CONSENT_REVOKED,CONSENT_REVOKED,CONSENT_REVOKED,CONSENT_REVOKED,CONSENT_REVOKED,CONSENT_REVOKED,CONSENT_REVOKED
69b5a8027db207b03e224952,62897d2024f826ea90b7efa1,TIMED-OUT,Not Applicable,2026-03-14T18:25:10.062000Z,,,,271974.0,,13320,Woman (including Trans Female/Trans Woman),White,72,Female,White,United States,United States,United States,English,No,Part-Time
69b5a8adfb4ec60ce2b45d3e,662687fc152ffe3df23453e4,RETURNED,Not Applicable,2026-03-14T18:28:01.525000Z,,,,,,3789,CONSENT_REVOKED,CONSENT_REVOKED,CONSENT_REVOKED,CONSENT_REVOKED,CONSENT_REVOKED,CONSENT_REVOKED,CONSENT_REVOKED,CONSENT_REVOKED,CONSENT_REVOKED,CONSENT_REVOKED,CONSENT_REVOKED
69b5c7b8f4404c1a7579900e,5c6ae4c31b9d0e000190bacc,RETURNED,Not Applicable,2026-03-14T20:40:28.430000Z,,,,,,9884,CONSENT_REVOKED,CONSENT_REVOKED,CONSENT_REVOKED,CONSENT_REVOKED,CONSENT_REVOKED,CONSENT_REVOKED,CONSENT_REVOKED,CONSENT_REVOKED,CONSENT_REVOKED,CONSENT_REVOKED,CONSENT_REVOKED
69b5c7babee8dad79083a0c3,69b264cfdba6411a9e84a104,RETURNED,Not Applicable,2026-03-14T20:40:32.711000Z,,,,,,54,CONSENT_REVOKED,CONSENT_REVOKED,CONSENT_REVOKED,CONSENT_REVOKED,CONSENT_REVOKED,CONSENT_REVOKED,CONSENT_REVOKED,CONSENT_REVOKED,CONSENT_REVOKED,CONSENT_REVOKED,CONSENT_REVOKED
69b5c7c3780ade8ae0ac4e4c,63ed0065eb23ac3ee1726453,RETURNED,Not Applicable,2026-03-14T20:40:45.343000Z,,,,,,6284,CONSENT_REVOKED,CONSENT_REVOKED,CONSENT_REVOKED,CONSENT_REVOKED,CONSENT_REVOKED,CONSENT_REVOKED,CONSENT_REVOKED,CONSENT_REVOKED,CONSENT_REVOKED,CONSENT_REVOKED,CONSENT_REVOKED
