chunk_id,sender,text
convo_01,Alex,let me know if you need a ride back after
convo_01,Maya,what time should we meet and where are we starting
convo_01,Sam,im finishing my outfit now and grabbing my jacket
convo_01,Jordan,see you soon and save me a spot near the kitchen
convo_01,Alex,i will bring drinks too and a speaker for music
convo_01,Maya,please wait for me at the door because im running late
convo_01,Sam,do we need ice or cups or anything else for tonight
convo_01,Jordan,text me when you arrive so i can come down
convo_01,Alex,i will save you a seat and bring extra plates
convo_01,Maya,can you bring snacks on the way and maybe some ice
convo_02,Alex,what time is it again so i can set alarms
convo_02,Maya,wear the blazer you like and the comfy shoes
convo_02,Sam,good luck you will do great and sound confident
convo_02,Jordan,i am setting up my alarm so i do not oversleep
convo_02,Alex,take a deep breath and slow down while you speak
convo_02,Maya,can we do a quick prep call after dinner
convo_02,Sam,i need to print a few pages before the morning
convo_02,Jordan,im nervous but excited and trying to stay calm
convo_02,Alex,my interview is tomorrow morning and im super nervous
convo_02,Maya,i will call after its done and tell you everything
convo_03,Alex,text me your vote and we will decide later
convo_03,Maya,should we order food or cook something together
convo_03,Sam,lets decide tomorrow after we see the forecast
convo_03,Jordan,weather looks awful this weekend so outdoor plans might change
convo_03,Alex,we can do a movie instead and order food
convo_03,Maya,i can bring hot chocolate and extra mugs
convo_03,Sam,we should stay cozy inside and watch something
convo_03,Jordan,evening is best for me because i have a class
convo_03,Alex,i heard there might be thunder later tonight
convo_03,Maya,i will bring a blanket and hot chocolate
convo_04,Alex,the wait might be long so maybe call ahead
convo_04,Maya,yes i am craving pancakes and maybe a latte
convo_04,Sam,im already hungry so lets go early
convo_04,Jordan,i can drive and pick someone up if needed
convo_04,Alex,what place should we go to near campus
convo_04,Maya,thanks for organizing this i needed a break
convo_04,Sam,can we get a booth because its more comfortable
convo_04,Jordan,do you all want to meet for brunch this weekend
convo_04,Alex,im free after ten and can be there early
convo_04,Maya,i can call ahead and check the wait time
convo_05,Alex,see you all later and bring your notes
convo_05,Maya,bring your laptop because we need to edit slides
convo_05,Sam,group project meeting is tonight and we need to finish
convo_05,Jordan,i can draft the intro and share it tonight
convo_05,Alex,i can join after my shift and stay for an hour
convo_05,Maya,please add your references so we avoid missing citations
convo_05,Sam,can we start at seven so we have enough time
convo_05,Jordan,i will edit the slides after we meet
convo_05,Alex,who is taking the conclusion and final edits
convo_05,Maya,i will send the doc before we start working
convo_06,Alex,im in if we do a short workout and stretch
convo_06,Maya,should we do legs or cardio today
convo_06,Sam,please save me a locker if you get there first
convo_06,Jordan,im feeling tired today so maybe light cardio
convo_06,Alex,lets meet at the front desk around six
convo_06,Maya,bring a water bottle because it gets hot
convo_06,Sam,ok im on my way and bringing my earbuds
convo_06,Jordan,can we do a short run and then weights
convo_06,Alex,see you soon and text me when you arrive
convo_06,Maya,lets do a quick stretch before we start
convo_07,Alex,lets meet near the main stage by the lights
convo_07,Maya,lets take photos in front of the stage
convo_07,Sam,text me when you arrive so we can find you
convo_07,Jordan,im leaving campus now and heading over
convo_07,Alex,are you all going to the campus fair tonight
convo_07,Maya,ok i will wait and grab a spot for us
convo_07,Sam,i want to try the dumplings first
convo_07,Jordan,i can pick you up if you are ready
convo_07,Alex,see you soon and bring a jacket
convo_07,Maya,do you want to ride together or meet there
convo_08,Alex,are we still studying at the library this afternoon
convo_08,Maya,please bring the practice sheet from last week
convo_08,Sam,lets start at five so we finish before dinner
convo_08,Jordan,i can bring snacks if you want some
convo_08,Alex,ok sounds good and i will be on time
convo_08,Maya,i will bring my notes and the practice sheets
convo_08,Sam,ok i will be there and bring my laptop
convo_08,Jordan,thank you for setting this up i needed it
convo_08,Alex,yes i reserved a room and it should be quiet
convo_08,Maya,i will bring my laptop and charger
convo_09,Alex,can we sit by the window if possible
convo_09,Maya,i will check the menu and send options
convo_09,Sam,thanks i was starving all day
convo_09,Jordan,i will bring cash in case they dont take cards
convo_09,Alex,ok lets meet at seven and grab a table
convo_09,Maya,i can do sushi or ramen whichever you prefer
convo_09,Sam,should we invite anyone else to join us
convo_09,Jordan,what time works for everyone because i have lab
convo_09,Alex,i want something spicy and warm tonight
convo_09,Maya,im starving already so please be on time
convo_10,Alex,can we do one more run to be safe
convo_10,Maya,i will screen share and start the timer
convo_10,Sam,team pep talk today so we feel confident
convo_10,Jordan,thanks i hate public speaking but ill try
convo_10,Alex,can someone time me while i present
convo_10,Maya,i need to practice the intro again
convo_10,Sam,yes i need the practice before the deadline
convo_10,Jordan,please call me before you start so im ready
convo_10,Alex,i will take notes while you present
convo_10,Maya,i will share my slides when i get home
convo_11,Alex,see you soon and bring extra cards
convo_11,Maya,i will bring a speaker for background music
convo_11,Sam,we should play cards too if time
convo_11,Jordan,are you coming to the game night this Friday
convo_11,Alex,lets meet at the apartment around seven
convo_11,Maya,ok see you there and bring your dice
convo_11,Sam,doors open at seven so come early
convo_11,Jordan,what time should we start so i can plan
convo_11,Alex,bring extra dice in case we lose some
convo_11,Maya,text me when you get there so i can buzz you
convo_12,Alex,i can get milk and eggs on my way
convo_12,Maya,anything else we need like paper towels
convo_12,Sam,dont forget paper towels and dish soap
convo_12,Jordan,maybe pasta sauce and a few snacks
convo_12,Alex,i can carry the bags if you need help
convo_12,Maya,we should get cereal and some fruit
convo_12,Sam,text me the list again just to be safe
convo_12,Jordan,lets meet at the store around five
convo_12,Alex,send the list please so i dont forget
convo_12,Maya,see you later and bring your bags
convo_13,Alex,ok sunday at seven then sounds good
convo_13,Maya,lets plan something chill and easy
convo_13,Sam,im in for that and can host
convo_13,Jordan,should we pick a movie ahead of time
convo_13,Alex,see you then and send me the movie
convo_13,Maya,i can do sunday afternoon if that works
convo_13,Sam,im visiting family on saturday but free Sunday
convo_13,Jordan,im free after six if you want earlier
convo_13,Alex,can we order pizza while we watch
convo_13,Maya,lets keep it low key and relaxed
convo_14,Alex,lets meet by the main entrance around four
convo_14,Maya,im printing my resume now and saving extras
convo_14,Sam,lets compare notes after and share contacts
convo_14,Jordan,im polishing my resume tonight before bed
convo_14,Alex,text me when you arrive so we can meet
convo_14,Maya,i am going after class and bringing resumes
convo_14,Sam,yes lets go together so we dont get lost
convo_14,Jordan,good luck everyone i hope it goes well
convo_14,Alex,do you want to walk together from campus
convo_14,Maya,i might go for an hour then leave
convo_15,Alex,are you coming to the study group tonight
convo_15,Maya,text me when you arrive at the room
convo_15,Sam,do you want me to bring markers too
convo_15,Jordan,see you in a bit and save me a seat
convo_15,Alex,i can join after practice but not too late
convo_15,Maya,see you soon and bring your notes
convo_15,Sam,thanks for organizing this study session
convo_15,Jordan,save me a seat please i need one
convo_15,Alex,i can bring snacks if everyone wants
convo_15,Maya,ok sounds good and i will be there
convo_16,Alex,ok see you there and bring your laptop
convo_16,Maya,save me a seat near the window
convo_16,Sam,perfect i will head over soon
convo_16,Jordan,thanks i needed a break today
convo_16,Alex,im leaving now and should be there
convo_16,Maya,i will bring my laptop and notes
convo_16,Sam,can you order ahead to save time
convo_16,Jordan,yes i need caffeine and a quiet place
convo_16,Alex,can we go at three or four
convo_16,Maya,im in after my lab and can meet later
convo_17,Alex,ok talk soon and let me know
convo_17,Maya,you will be fine and do great
convo_17,Sam,do you want me to come with you
convo_17,Jordan,always here for you no matter what
convo_17,Alex,i feel so overwhelmed by this schedule
convo_17,Maya,hang in there and text me later
convo_17,Sam,do you want to practice what youll say
convo_17,Jordan,my advisor moved our meeting again this week
convo_17,Alex,thank you i needed that reassurance
convo_17,Maya,take a deep breath we got you
convo_18,Alex,im trying to save money though
convo_18,Maya,lets go as a group and meet there
convo_18,Sam,lets try the dessert stand first
convo_18,Jordan,wear comfy shoes because we will walk
convo_18,Alex,ok see you there and text me
convo_18,Maya,okaaay you convinced me ill come
convo_18,Sam,cant wait for the food and lights
convo_18,Jordan,meet at the bus stop at eight
convo_18,Alex,im leaving after class and heading over
convo_18,Maya,night market is tonight and im excited
convo_19,Alex,i will write the summary of issues
convo_19,Maya,ok talk soon and stay calm
convo_19,Sam,ok but be firm about the deadlines
convo_19,Jordan,im tired of being nice to them
convo_19,Alex,i think we should document everything
convo_19,Maya,yeah they are not pulling weight at all
convo_19,Sam,ill help draft it and send later
convo_19,Jordan,i can call later if you want
convo_19,Alex,lets send a calm message first
convo_19,Maya,im mad about the group project situation
convo_20,Alex,i will look it up and send details
convo_20,Maya,meee i already bought tickets yesterday
convo_20,Sam,yesss this made my day honestly
convo_20,Jordan,text me the plan when you can
convo_20,Alex,i want to get merch before it sells out
convo_20,Maya,im so excited i keep checking the setlist
convo_20,Sam,its my favorite band and i cant wait
convo_20,Jordan,lets meet outside the venue at seven
convo_20,Alex,ok im in then thanks for inviting
convo_20,Maya,what time do doors open again
