id,participant_id,age,gender,registration_date,task
774,';',NULL,NULL,2026-02-26 17:04:10.947,0
775,';';,NULL,NULL,2026-02-26 17:04:11.110,0
776,dasdf,NULL,NULL,2026-02-26 17:04:15.577,0
777,asdfasdf,NULL,NULL,2026-02-26 17:05:55.133,0
778,jihoasdfasdf,NULL,NULL,2026-02-26 17:06:05.023,0
779,5ebdc5809a676b105238713c,NULL,NULL,2026-02-26 17:10:14.167,0
780,6123d102b713b8a947fd2eb2,NULL,NULL,2026-02-26 17:10:30.113,0
781,5e52d0122f5f952f2a7b6b28,NULL,NULL,2026-02-26 17:10:48.110,0
782,645179915e31c1aeb3dc8129,NULL,NULL,2026-02-26 17:12:25.570,0
783,676325864a29c405dab887a0,NULL,NULL,2026-02-26 17:13:45.493,0
784,66c4f3cb14cbfc4db836bd4e,NULL,NULL,2026-02-26 17:15:03.183,0
785,673a37f0ad04c995c8322ca6,NULL,NULL,2026-02-26 17:18:02.683,0
786,5916bba1c40353000150c46c,NULL,NULL,2026-02-26 17:19:32.367,0
787,56e6a66af6ed900006a5867c,NULL,NULL,2026-02-26 17:21:37.530,0
788,63f26616270b0ad6ba923ac1,NULL,NULL,2026-02-26 17:21:46.133,0
789,69987b91b25efc3b28e237dd,NULL,NULL,2026-02-26 17:25:38.997,0
790,6997be27e376b1f7355cb8bb,NULL,NULL,2026-02-26 17:26:53.447,0
791,663e26ccdbc470527165388b,NULL,NULL,2026-02-26 17:32:11.990,0
792,558823c2fdf99b318cb4224b,NULL,NULL,2026-02-26 17:32:27.937,0
793,699f6b268f7c61d2a5dabad2,NULL,NULL,2026-02-26 17:32:42.067,0
794,6751dc7082001cddf839b91b,NULL,NULL,2026-02-26 17:33:29.903,0
795,570d891d42a1db000fc65b4d,NULL,NULL,2026-02-26 17:34:47.320,0
796,5c1021a547d07800011a23de,NULL,NULL,2026-02-26 17:38:32.660,0
797,5758a78d768081000631a322,NULL,NULL,2026-02-26 17:41:06.550,0
798,5ee92b925f0f482bb1e73668,NULL,NULL,2026-02-26 17:41:11.490,0
799,5dabd2828a78c7001c59eb82,NULL,NULL,2026-02-26 17:42:08.023,0
800,699389f6845fe709081f515c,NULL,NULL,2026-02-26 17:46:39.237,0
801,64b3ebc9ad6778799f835dcb,NULL,NULL,2026-02-26 17:46:54.153,0
802,62dcc5dc8fcf471ec987e7cf,NULL,NULL,2026-02-26 17:47:01.860,0
803,6745f73ee7541460adbabcff,NULL,NULL,2026-02-26 17:47:22.537,0
804,574cca765e5491000f3c89e0,NULL,NULL,2026-02-26 17:47:53.143,0
805,5af1c4dfaec2b600010a96c9,NULL,NULL,2026-02-26 17:48:20.093,0
806,694c8151e3b8d71d1a2a7f4f,NULL,NULL,2026-02-26 17:48:23.647,0
807,67463480327b48a3f1380669,NULL,NULL,2026-02-26 17:51:54.293,0
808,69993f6ef684d54502066142,NULL,NULL,2026-02-26 17:52:00.320,0
809,5cec5f7afdd26c00193ba64b,NULL,NULL,2026-02-26 17:56:49.037,0
810,5bec5b873ffbad0001e8b968,NULL,NULL,2026-02-26 17:57:14.917,0
811,5c8db07eb1f89a0016777fe0,NULL,NULL,2026-02-26 17:58:33.533,0
812,695faf0ec3b7fbbbf7da9910,NULL,NULL,2026-02-26 17:58:35.720,0
813,63e554b7631c8ec3ce069e32,NULL,NULL,2026-02-26 18:02:05.567,0
814,6991275b3ca25d3990b9a9b9,NULL,NULL,2026-02-26 18:03:30.453,0
815,6946df52c8f481594f455bdf,NULL,NULL,2026-02-26 18:04:17.580,0
816,676ed8014625d5ebd417b5f2,NULL,NULL,2026-02-26 18:07:11.817,0
817,66d921d24ea620ae6b29d74b,NULL,NULL,2026-02-26 18:07:30.823,0
818,6941786f9acdcc0131d758a9,NULL,NULL,2026-02-26 18:09:32.653,0
819,663b810a9d37219004ad9fbd,NULL,NULL,2026-02-26 18:10:19.600,0
820,66f4c82536b5c8271f53564c,NULL,NULL,2026-02-26 18:10:57.083,0
821,67c1d6d98c8787be36609212,NULL,NULL,2026-02-26 18:12:41.980,0
822,67505c42a18c872bab88ed42,NULL,NULL,2026-02-26 18:13:32.180,0
823,62bb42e2f21cfdb280cc975f,NULL,NULL,2026-02-26 18:14:46.500,0
824,6999da133fea0494fa4a958f,NULL,NULL,2026-02-26 18:14:55.623,0
825,663d1309389a0851c125d533,NULL,NULL,2026-02-26 18:15:35.373,0
826,5f218f86a3a5b05784d9d371,NULL,NULL,2026-02-26 18:16:28.830,0
827,632b9d9bc38454f47019295c,NULL,NULL,2026-02-26 18:17:09.050,0
828,5eea9a9ea8d6d71ba912a73e,NULL,NULL,2026-02-26 18:18:51.160,0
829,69952cbd4aac65ccd088d008,NULL,NULL,2026-02-26 18:19:04.090,0
830,5cb62e9293342300017a72a1,NULL,NULL,2026-02-26 18:19:16.233,0
831,6643c412ed568375e3bf349c,NULL,NULL,2026-02-26 18:21:00.703,0
832,66e9cc5fb04f5ba6d8b5a3f1,NULL,NULL,2026-02-26 18:21:25.707,0
833,5a6f57166923df0001ef8d02,NULL,NULL,2026-02-26 18:23:18.493,0
834,63d1c79ff86ec609af6f77ad,NULL,NULL,2026-02-26 18:23:28.840,0
835,61705235c277934df17055e6,NULL,NULL,2026-02-26 18:24:35.963,0
836,5d093f05c79e5a0016796b18,NULL,NULL,2026-02-26 18:24:49.810,0
837,63fad8b20e532757a496f7f5,NULL,NULL,2026-02-26 18:25:59.550,0
838,654fe6af3517f92a06444ca5,NULL,NULL,2026-02-26 18:30:54.367,0
839,63ecff07b619306f41db42fa,NULL,NULL,2026-02-26 18:32:45.960,0
840,67acff5fc3860389b0c4dc25,NULL,NULL,2026-02-26 18:37:40.657,0
841,605220735560745cf0a16a80,NULL,NULL,2026-02-26 18:38:25.307,0
842,616cf9ae07c1c6bd05d95beb,NULL,NULL,2026-02-26 18:38:45.597,0
843,5ec00f62cf12be40ea6fe344,NULL,NULL,2026-02-26 18:44:51.170,0
844,628f572a2d1304a34b9e1a37,NULL,NULL,2026-02-26 18:46:19.290,0
845,5d1511f1e814b800016108a6,NULL,NULL,2026-02-26 18:50:42.070,0
846,607668ac450fc6e3025a131d,NULL,NULL,2026-02-26 18:51:39.960,0
847,699de24cebc30d289ab73f92,NULL,NULL,2026-02-26 18:52:55.947,0
848,60085c96f16b701cbdced9a4,NULL,NULL,2026-02-26 18:54:01.223,0
849,5e2b4e61a7f804000a55eee7,NULL,NULL,2026-02-26 18:54:49.037,0
850,5f4a835e9e84256238129995,NULL,NULL,2026-02-26 18:55:37.847,0
851,64badb09518eb5b219132eea,NULL,NULL,2026-02-26 18:56:32.547,0
852,6643d22289210a4edf21e84d,NULL,NULL,2026-02-26 18:56:46.507,0
853,662bf98a6f25e5ccdce46ebc,NULL,NULL,2026-02-26 18:57:21.840,0
854,67cf0868690037aa2997bdab,NULL,NULL,2026-02-26 18:58:02.593,0
855,63d6d43d4f1649ce3dcfa30b,NULL,NULL,2026-02-26 18:58:13.113,0
856,696947c3dafb0ce06c00cbb1,NULL,NULL,2026-02-26 18:58:33.753,0
857,606f9bca353fc36aba9ccb8b,NULL,NULL,2026-02-26 18:58:49.943,0
858,671d48efd49c25986a82bd89,NULL,NULL,2026-02-26 18:59:35.677,0
859,607dc630d2d30aa7e8699c23,NULL,NULL,2026-02-26 18:59:37.740,0
860,6701206a49833a2065d10763,NULL,NULL,2026-02-26 18:59:51.247,0
861,60ff33eea57872b7188f12e2,NULL,NULL,2026-02-26 19:00:51.710,0
862,697cc825dbd7461cb71609d1,NULL,NULL,2026-02-26 19:02:58.223,0
863,608209b96e955ba5201eff25,NULL,NULL,2026-02-26 19:04:29.850,0
864,64fb30365bea2333e0da11ee,NULL,NULL,2026-02-26 19:05:28.357,0
865,665cbb56d9ecb20564b9b607,NULL,NULL,2026-02-26 19:06:34.570,0
866,6601d46f8d629109bdf2aec4,NULL,NULL,2026-02-26 19:09:01.373,0
867,6634f3529f3dc58a0bf22552,NULL,NULL,2026-02-26 19:10:21.487,0
868,699d45af20adaa6e1e89aa5a,NULL,NULL,2026-02-26 19:10:42.807,0
869,63cee08c60670525b4f43946,NULL,NULL,2026-02-26 19:16:09.390,0
870,666883e7cd549b6798159085,NULL,NULL,2026-02-26 19:16:45.080,0
871,6644f37947ff3c7c3f9bbca1,NULL,NULL,2026-02-26 19:17:25.317,0
872,63268ad93b6ecc1acf782a21,NULL,NULL,2026-02-26 19:17:34.010,0
873,601b75077aa0425330b81e36,NULL,NULL,2026-02-26 19:17:49.533,0
874,5e8bbb3680cbf20986c677e1,NULL,NULL,2026-02-26 19:17:52.933,0
875,677180f70e024d29940222d9,NULL,NULL,2026-02-26 19:18:21.330,0
876,60fcd954f5ff1656599b53c9,NULL,NULL,2026-02-26 19:18:54.070,0
877,665b7b047373d8da553237a6,NULL,NULL,2026-02-26 19:19:09.087,0
878,5dd5b42a2091e95798fbf574,NULL,NULL,2026-02-26 19:19:25.050,0
879,622a0d9a4f5132ad78e5f1b6,NULL,NULL,2026-02-26 19:22:29.020,0
880,5ccf2abd37095c001a78cef6,NULL,NULL,2026-02-26 19:23:25.727,0
881,63e12e51551a0a00ab990651,NULL,NULL,2026-02-26 19:23:28.340,0
882,671f8f09c21cb157427bd152,NULL,NULL,2026-02-26 19:23:46.547,0
883,654bc148c95bca00d541ec33,NULL,NULL,2026-02-26 19:23:53.843,0
884,606cf604adbb6982bb382881,NULL,NULL,2026-02-26 19:25:42.097,0
885,5f1db570f7e0002b7eb1c1dd,NULL,NULL,2026-02-26 19:25:47.753,0
886,59e7a66e62637600014a7d69,NULL,NULL,2026-02-26 19:27:43.650,0
887,5d2a7c01b866ef0015b8e0a1,NULL,NULL,2026-02-26 19:27:52.417,0
888,668ee074cb3c043e9cb17310,NULL,NULL,2026-02-26 19:28:35.503,0
889,5a0f46bb7542890001aa7503,NULL,NULL,2026-02-26 19:29:40.033,0
890,698796ccf456c156d91c7409,NULL,NULL,2026-02-26 19:29:50.323,0
891,5bef41fa54277d000114d6ad,NULL,NULL,2026-02-26 19:30:02.257,0
892,63fb77a17acd544343fb98fb,NULL,NULL,2026-02-26 19:30:06.000,0
893,6711e09a6906af2fa5b782bd,NULL,NULL,2026-02-26 19:34:07.097,0
894,66aa52de62c06e01a958d91c,NULL,NULL,2026-02-26 19:34:17.297,0
895,60284b049e884437b220b172,NULL,NULL,2026-02-26 19:36:06.980,0
896,6734c699d11234d19b0be0ec,NULL,NULL,2026-02-26 19:36:29.173,0
897,5f17553ce0feb10c3dd2b16a,NULL,NULL,2026-02-26 19:38:30.437,0
898,69864b91db1f8e065b805468,NULL,NULL,2026-02-26 19:43:16.407,0
899,66d8790772c9e0e4ee96259c,NULL,NULL,2026-02-26 19:45:03.410,0
900,65b50fa832c828a13f2aa884,NULL,NULL,2026-02-26 19:45:37.487,0
901,67a62f17a81104f3f22f32e8,NULL,NULL,2026-02-26 19:45:37.607,0
902,577d3361d8e8880001b31439,NULL,NULL,2026-02-26 19:45:50.113,0
903,64fb3be137d2bd2bdfab8ba6,NULL,NULL,2026-02-26 19:45:57.210,0
904,67dc5b2e098a6ddc6eda0acd,NULL,NULL,2026-02-26 19:45:57.380,0
905,566a19b57da035000fb39b89,NULL,NULL,2026-02-26 19:45:59.140,0
906,5ef98087540ce971a8fb4280,NULL,NULL,2026-02-26 19:46:18.247,0
907,5dd1df8fb48da3240ca85c45,NULL,NULL,2026-02-26 19:46:35.420,0
908,673254169a08a9ab7fdbb888,NULL,NULL,2026-02-26 19:46:38.273,0
909,67155947b83a6aee15acbc0d,NULL,NULL,2026-02-26 19:46:58.757,0
910,6636db94fa3ed150c2d78447,NULL,NULL,2026-02-26 19:48:09.093,0
911,5f4738bfa043201203a27b4b,NULL,NULL,2026-02-26 19:49:07.327,0
912,5c4d1a6c9ce35100019dbc88,NULL,NULL,2026-02-26 19:49:16.047,0
913,609f4c9fb80290b21c5e5265,NULL,NULL,2026-02-26 19:51:04.913,0
914,66ccdd9f6b12c6ea6fa01f42,NULL,NULL,2026-02-26 19:51:06.237,0
915,6942afebd03a71727bedebc8,NULL,NULL,2026-02-26 19:51:23.457,0
916,5ecb0bb39b4189656f60872b,NULL,NULL,2026-02-26 19:51:23.810,0
917,5f07dba182caac000c48bc84,NULL,NULL,2026-02-26 19:51:24.077,0
918,63c047ef36e1348b19bb8010,NULL,NULL,2026-02-26 19:51:25.967,0
919,66856a62a9cd8445323c30c6,NULL,NULL,2026-02-26 19:51:39.493,0
920,60c770aa2d2928bfda4c7cd4,NULL,NULL,2026-02-26 19:51:40.457,0
921,67639cb846231603c8e979cd,NULL,NULL,2026-02-26 19:51:50.357,0
922,5e0a2f6377f8652c6fc3f887,NULL,NULL,2026-02-26 19:51:50.497,0
923,5e076480c4e1550e2114f006,NULL,NULL,2026-02-26 19:51:51.580,0
924,65f079d950ec7745ae73f277,NULL,NULL,2026-02-26 19:51:52.453,0
925,5a440abd1ba496000102a238,NULL,NULL,2026-02-26 19:51:52.627,0
926,66fe99edb8a87ffd9478d5c1,NULL,NULL,2026-02-26 19:51:52.737,0
927,5ea26aef3d576d186dcce75a,NULL,NULL,2026-02-26 19:51:57.530,0
928,60f657824394dac9902c821f,NULL,NULL,2026-02-26 19:52:00.713,0
929,60a2a8570a0f9cc00d6b9d1a,NULL,NULL,2026-02-26 19:52:01.493,0
930,698bc7c5fea45cd148e37bd8,NULL,NULL,2026-02-26 19:52:47.643,0
931,677dc8b2a9160d395ca7e008,NULL,NULL,2026-02-26 19:52:59.567,0
932,67915007d6208ae2bf005724,NULL,NULL,2026-02-26 19:54:05.147,0
933,699dbabbdf07ee5972cf7508,NULL,NULL,2026-02-26 19:54:30.990,0
934,6941dcdd60e47496c3097b02,NULL,NULL,2026-02-26 19:56:35.810,0
935,5977466b68264c0001c49088,NULL,NULL,2026-02-26 19:58:17.107,0
936,67e188720841b364cd463eaa,NULL,NULL,2026-02-26 19:58:38.233,0
937,69666df07d5352bd65323f89,NULL,NULL,2026-02-26 19:59:44.207,0
938,6306a29015f8667413e26eef,NULL,NULL,2026-02-26 20:01:32.047,0
939,674b46b00690584bddd6e33b,NULL,NULL,2026-02-26 20:01:36.677,0
940,63e51bca9f87294437c3cbb8,NULL,NULL,2026-02-26 20:01:47.693,0
941,699e009b0b32a8fac8a1e39d,NULL,NULL,2026-02-26 20:01:48.420,0
942,668bf43d364922a38a908913,NULL,NULL,2026-02-26 20:01:53.110,0
943,66491e9882aaa64c5d0911d5,NULL,NULL,2026-02-26 20:01:54.793,0
944,6993e83416945f6b2e3c9818,NULL,NULL,2026-02-26 20:02:12.073,0
945,6740a7474c623fa5738fda70,NULL,NULL,2026-02-26 20:02:12.093,0
946,64402f7ad3d019dc99b9f3f0,NULL,NULL,2026-02-26 20:02:21.760,0
947,6509a48ff7809e6aba0cf5fa,NULL,NULL,2026-02-26 20:02:30.213,0
948,63d5b810f3dbbd11e7e65870,NULL,NULL,2026-02-26 20:02:34.480,0
949,6952c874bffb3b875800a61c,NULL,NULL,2026-02-26 20:06:01.243,0
950,5ef4d8b87faaa00c0dea0c4e,NULL,NULL,2026-02-26 20:06:15.960,0
951,678c76ff10d7de60d4a4fd56,NULL,NULL,2026-02-26 20:07:58.463,0
952,675c15e099767573c1619b7f,NULL,NULL,2026-02-26 20:08:10.320,0
953,62a885d5b6af18b3d4579e1b,NULL,NULL,2026-02-26 20:14:52.253,0
954,60fdf104935a0ef0e93762b0,NULL,NULL,2026-02-26 20:14:59.700,0
955,5fc535c343622e000bc9f3c4,NULL,NULL,2026-02-26 20:15:03.150,0
956,6011e981dff6371dacac9ec5,NULL,NULL,2026-02-26 20:15:07.160,0
957,69694ea2cc6aea2154a83718,NULL,NULL,2026-02-26 20:15:19.363,0
958,632ccf5fdb3a004dec4919a2@email.prolific.com,NULL,NULL,2026-02-26 20:15:22.547,0
959,6985f4fbf0d138e1b1231702,NULL,NULL,2026-02-26 20:15:28.757,0
960,699db1a68d19aeda4ba92c01,NULL,NULL,2026-02-26 20:15:54.177,0
961,60fcc4120cecba5bc510e142,NULL,NULL,2026-02-26 20:15:56.930,0
962,648343299ec8050d10aee27d,NULL,NULL,2026-02-26 20:16:00.130,0
963,6781163e42dd9b1176a29412,NULL,NULL,2026-02-26 20:16:12.260,0
964,677c314658f46f3c0f19ba34,NULL,NULL,2026-02-26 20:16:15.787,0
965,59347d4f53490b0001563e47,NULL,NULL,2026-02-26 20:18:09.933,0
966,62a0e45a42fe6bdc52816cba,NULL,NULL,2026-02-26 20:19:41.910,0
967,68dd6ada1c06b7f58ff4020c,NULL,NULL,2026-02-26 20:21:25.103,0
968,5484949efdf99b0379939cc6,NULL,NULL,2026-02-26 20:31:02.750,0
969,66b638403cc5a94acf985177,NULL,NULL,2026-02-26 20:36:53.437,0
970,60da6f47359a9fc411cc8313,NULL,NULL,2026-02-26 20:36:54.013,0
971,63d7e469c2a30fc463e06b5d,NULL,NULL,2026-02-26 20:36:56.673,0
972,5afa19a4f856320001cf920f,NULL,NULL,2026-02-26 20:36:59.923,0
973,5f910e8e53814b228b0dad03,NULL,NULL,2026-02-26 20:37:16.477,0
974,60e63a06acbec5f0fc85e71a,NULL,NULL,2026-02-26 20:37:32.917,0
975,672e86a538b9e142805a426e,NULL,NULL,2026-02-26 20:37:44.023,0
976,67364113bdafe2840fa05b69,NULL,NULL,2026-02-26 20:38:02.740,0
977,672bf6a8b306f66878d7d5ff,NULL,NULL,2026-02-26 20:38:49.723,0
978,6759f9a723f0ff8f61f6ebe8,NULL,NULL,2026-02-26 20:45:24.780,0
979,677fea8903ad496f30f16502,NULL,NULL,2026-02-26 20:47:58.803,0
980,69932ccc26c39ba9a7a39642,NULL,NULL,2026-02-26 20:50:53.793,0
981,66a819b2c3eb66cffc47e808,NULL,NULL,2026-02-26 20:51:28.287,0
982,6107c3c34aec7850786b6d62,NULL,NULL,2026-02-26 20:51:33.680,0
983,62fbeca46caf4abaaf74b5f1,NULL,NULL,2026-02-26 20:51:51.863,0
984,660ea96849b96ac7f24c6878,NULL,NULL,2026-02-26 20:53:09.047,0
985,69837dcbcfc157d6236e8e20,NULL,NULL,2026-02-26 21:03:41.160,0
986,61033627c32742424aeaaac1,NULL,NULL,2026-02-26 21:03:45.493,0
987,5ecaf0fa5c1f7f6599d959ff,NULL,NULL,2026-02-26 21:03:48.860,0
988,674c8549a9fd90b7c8dda9d3,NULL,NULL,2026-02-26 21:03:56.963,0
989,63856845134e9c850a9e38f7,NULL,NULL,2026-02-26 21:03:58.060,0
990,65de8bb036d20b18c5637a14,NULL,NULL,2026-02-26 21:04:12.313,0
991,664b8bef90cdb799d4c4c35d,NULL,NULL,2026-02-26 21:04:19.540,0
992,698d677b5b2c7f886bb1998f,NULL,NULL,2026-02-26 21:04:19.990,0
993,5acc2d21436f550001003111,NULL,NULL,2026-02-26 21:04:41.970,0
994,699c5e1d7c9771502b7375f6,NULL,NULL,2026-02-26 21:04:55.037,0
995,664184a2b35e6aa7e4eb89fd,NULL,NULL,2026-02-26 21:04:55.987,0
996,66bd4bd76fb01a9fb1db759e,NULL,NULL,2026-02-26 21:05:50.547,0
997,60e0ccb2c3f51bd6f72f97f9,NULL,NULL,2026-02-26 21:06:33.130,0
998,6978dbe540efad1076e12cfc,NULL,NULL,2026-02-26 21:07:12.137,0
999,666b59f95861737274e65238,NULL,NULL,2026-02-26 21:07:25.583,0
1000,62a0b34cbcc5987a8fa73c39,NULL,NULL,2026-02-26 21:07:35.540,0
1001,698104dbb695e592122c9cd0,NULL,NULL,2026-02-26 21:09:18.537,0
1002,67edb75b0744561f1cf6ff9d,NULL,NULL,2026-02-26 21:09:53.150,0
1003,58f0fca0d40252000192f201,NULL,NULL,2026-02-26 21:11:15.527,0
1004,65f168305209539a4f55762c,NULL,NULL,2026-02-26 21:11:25.570,0
1005,5e9f3f09ccc75a0c345e4845,NULL,NULL,2026-02-26 21:11:26.143,0
1006,6681ae9e7fbceb728648c7cb,NULL,NULL,2026-02-26 21:11:34.433,0
1007,673b8d1448db4a031a4a90b2,NULL,NULL,2026-02-26 21:11:54.050,0
1008,69864819469d903c57f794cb,NULL,NULL,2026-02-26 21:12:17.597,0
1009,63ea974c81ff0fffe7fb8613,NULL,NULL,2026-02-26 21:12:27.717,0
1010,65e74f3dd1cf1c6869f7af37,NULL,NULL,2026-02-26 21:12:27.777,0
1011,662eeeb09572de78ffb440b1,NULL,NULL,2026-02-26 21:12:47.080,0
1012,663aa5ef90785b13a70438e5,NULL,NULL,2026-02-26 21:13:19.990,0
1013,67883d53705991d641bb1743,NULL,NULL,2026-02-26 21:14:36.870,0
1014,66c0f464e0ff62798027b486,NULL,NULL,2026-02-26 21:15:03.510,0
1015,677c358117d1ac70048fd3c6,NULL,NULL,2026-02-26 21:16:02.700,0
1016,67215ddb4fe41f208fba792b,NULL,NULL,2026-02-26 21:21:00.480,0
1017,5bef64b373e44f0001092811,NULL,NULL,2026-02-26 21:35:49.923,0
1018,5c01d3c509e9c70001500b10,NULL,NULL,2026-02-26 21:44:51.407,0
1019,6643cde3471e61890ff943ae,NULL,NULL,2026-02-26 21:44:54.500,0
1020,65e8d383f3c7e1afd7b5c98f,NULL,NULL,2026-02-26 21:44:59.620,0
1021,63fa78f21e485a372c6528fa,NULL,NULL,2026-02-26 21:45:00.070,0
1022,612962f44f151ddfd0298c52,NULL,NULL,2026-02-26 21:45:10.600,0
1023,5c005838232b6c0001221acf,NULL,NULL,2026-02-26 21:45:16.760,0
1024,673fe23a86818d6026205f04,NULL,NULL,2026-02-26 21:45:36.860,0
1025,629e9a5d81c583f5ebe90f05,NULL,NULL,2026-02-26 21:45:58.817,0
1026,69939b823c7d1ff0d5eecbb3,NULL,NULL,2026-02-26 21:46:37.367,0
1027,675f4880d357baddb38a9c2c,NULL,NULL,2026-02-26 21:47:33.890,0
1028,666a11d046107a56965a98f5,NULL,NULL,2026-02-26 21:58:13.270,0
1029,698bf7df3e0b8e83634158c4,NULL,NULL,2026-02-26 22:03:42.863,0
1030,5f4f9bc1f7598f06b2dc816f,NULL,NULL,2026-02-26 22:11:28.390,0
1031,694407485b91b19f9545cb80,NULL,NULL,2026-02-26 22:17:55.720,0
1032,66c4f3cb14cbfc4db836bd4e@auth.prolific.com,NULL,NULL,2026-02-27 02:03:01.567,0
1033,12341234,NULL,NULL,2026-02-27 16:20:14.430,0
1034,123123123123,NULL,NULL,2026-03-02 20:44:56.450,0
1035,5ae11f9709eae20001132c22,NULL,NULL,2026-03-02 20:49:14.857,0
1036,66b93ba9ccbb002158c59355,NULL,NULL,2026-03-02 20:53:41.030,0
1037,69601ae2c415c9e447241122,NULL,NULL,2026-03-02 21:09:21.120,0
1038,21312321,NULL,NULL,2026-03-02 21:15:15.037,0
1039,213123123,NULL,NULL,2026-03-02 21:17:57.797,0
1040,1111,NULL,NULL,2026-03-02 21:20:19.450,0
1041,1231211,NULL,NULL,2026-03-02 21:21:10.227,0
1042,jij,NULL,NULL,2026-03-02 21:24:16.770,0
1043,69994a8771fdaefc5e9179ec,NULL,NULL,2026-03-02 21:27:03.953,0
1044,65cb86a7e667e637599a3af3,NULL,NULL,2026-03-02 21:38:27.293,0
1045,678adaaa5d10296603b4b2d6,NULL,NULL,2026-03-02 22:02:39.023,0
1046,65f48503f9b5e6a629ba03c8,NULL,NULL,2026-03-02 22:13:09.117,0
1047,67ed97431e3dbd7416f76f7d,NULL,NULL,2026-03-02 22:17:22.720,0
1048,66df8a08c5adf9288b808641,NULL,NULL,2026-03-02 22:17:33.797,0
1049,test00,NULL,NULL,2026-03-03 02:07:58.270,0
1050,23123123,NULL,NULL,2026-03-03 15:52:24.593,0
1051,jihobo21,NULL,NULL,2026-03-03 16:00:05.450,0
1052,5d1636739bc2590001d92557,NULL,NULL,2026-03-03 16:05:13.720,0
1053,63e534e8ae837950bc60d88b,NULL,NULL,2026-03-03 16:07:01.610,0
1054,67b9d746fcdac8285c79cb7e,NULL,NULL,2026-03-03 16:13:39.257,0
1055,665f2adf1d853c1e880b06be,NULL,NULL,2026-03-03 17:10:29.073,0
1056,90900,NULL,NULL,2026-03-03 18:45:36.900,0
1057,649d809191fa2e4b6e84c69e,NULL,NULL,2026-03-03 18:47:43.780,0
1058,61fa9062d42cb19beec49109,NULL,NULL,2026-03-03 18:50:07.530,0
1059,66b01097e95b0626c2cd7b5c,NULL,NULL,2026-03-03 18:50:56.093,0
1060,6631b0ab30153f0b76483e0a,NULL,NULL,2026-03-03 19:04:17.103,0
1061,6596bd0080a6c5fb83b93520,NULL,NULL,2026-03-03 19:04:56.410,0
1062,5a6b7f02e6cc4a0001b6a591,NULL,NULL,2026-03-03 19:11:59.523,0
1063,699a2189c3a62af43ad41469,NULL,NULL,2026-03-03 19:23:57.223,0
1064,6942c1d48b8545e38cacc626,NULL,NULL,2026-03-03 19:26:45.717,0
1065,5e2926d80beb030ede110e67,NULL,NULL,2026-03-03 19:33:39.767,0
1066,678ff81c8c6b56f93355e0bb,NULL,NULL,2026-03-03 19:39:59.880,0
1067,660dfb0b513cd3c8af03656e,NULL,NULL,2026-03-03 19:40:41.480,0
1068,66d88659f847e91642700180,NULL,NULL,2026-03-03 19:44:27.490,0
1069,5b98940f754b700001f0f15c,NULL,NULL,2026-03-03 19:46:33.227,0
1070,5d22526f851927001e3a515a,NULL,NULL,2026-03-03 19:49:54.447,0
1071,5e84bd7c34d5d9072128fac1,NULL,NULL,2026-03-03 19:53:57.077,0
1072,63d7e97b18c8503ff5be482c,NULL,NULL,2026-03-03 19:54:07.243,0
1073,66ca41de318c12cd9f59b13a,NULL,NULL,2026-03-03 19:57:12.200,0
1074,667d40aa7de88cce486a3beb,NULL,NULL,2026-03-03 20:09:16.507,0
1075,64345edc0fd9813bdd9ef181,NULL,NULL,2026-03-03 20:15:44.360,0
1076,69a181fe116c31dff8efe0ad,NULL,NULL,2026-03-03 20:16:33.157,0
1077,67e85a8becc5f7048616c4be,NULL,NULL,2026-03-03 20:23:12.523,0
1078,65c0001a211c74f0d87bb8cf,NULL,NULL,2026-03-03 20:43:47.173,0
1079,60fd6618f9a377f54dcdf318,NULL,NULL,2026-03-03 20:55:16.643,0
1080,663e59a5d1091f0c6becbfdf,NULL,NULL,2026-03-03 20:55:23.493,0
1081,675c6db4887ccdd0d3d15534,NULL,NULL,2026-03-03 20:55:27.087,0
1082,60bd28cc95ab27d4f4f6ada3,NULL,NULL,2026-03-03 20:55:30.957,0
1083,670181df01d5807d3bca5093,NULL,NULL,2026-03-03 20:55:46.680,0
1084,5d9b7c7efaa2860364b16476,NULL,NULL,2026-03-03 20:55:53.653,0
1085,66293da691cec8862619b1dc,NULL,NULL,2026-03-03 20:55:54.603,0
1086,64d50c4b3a44318d98f4f5b2,NULL,NULL,2026-03-03 20:55:57.670,0
1087,65f48c6de41485ac8b284e83,NULL,NULL,2026-03-03 20:55:58.040,0
1088,66eb8f1bb2f36d46387aa1b2,NULL,NULL,2026-03-03 20:56:04.193,0
1089,66c26b01a3d551a7d8bd342c,NULL,NULL,2026-03-03 20:56:58.073,0
1090,5ebe14249a676b1650b48531,NULL,NULL,2026-03-03 20:57:05.980,0
1091,696add3f9b107451fc748dd3,NULL,NULL,2026-03-03 20:57:18.493,0
1092,668c3efacb89ec72504e88,NULL,NULL,2026-03-03 21:00:27.567,0
1093,64d5219df0415c9a7c609c19,NULL,NULL,2026-03-03 21:00:35.207,0
1094,6100ac178a474bfcc555379b,NULL,NULL,2026-03-03 21:01:55.453,0
1095,5753046ba6deb50006d64b0f,NULL,NULL,2026-03-03 21:05:37.797,0
1096,69a5bf95cd2074fec7d093ea,NULL,NULL,2026-03-03 21:08:40.280,0
1097,664d3ff00a00a73398ac3f4f,NULL,NULL,2026-03-03 21:09:47.460,0
1098,605ff0746397c26c436b88af,NULL,NULL,2026-03-03 21:10:16.510,0
1099,699f6aab88622c6dcaa6200b,NULL,NULL,2026-03-03 21:11:23.980,0
1100,699ca1d819e8b3d00305124c,NULL,NULL,2026-03-03 21:12:19.037,0
1101,66c164257fab16961369cc02,NULL,NULL,2026-03-03 21:13:09.210,0
1102,695c2e42ef314791f084f092,NULL,NULL,2026-03-03 21:13:45.683,0
1103,63d7b81d79044b73bfb50952,NULL,NULL,2026-03-03 21:15:31.300,0
1104,67001b28a9974a03b6ffec54,NULL,NULL,2026-03-03 21:19:21.870,0
1105,698e932beef10fc1f3bc13fb,NULL,NULL,2026-03-03 21:38:34.407,0
1106,6673c06ef972fa4885e8ec49,NULL,NULL,2026-03-03 21:47:51.313,0
1107,695f9adb2064ccdd40b77cdd,NULL,NULL,2026-03-03 21:51:29.223,0
1108,6949ca3d2fa32d8101dea6a7,NULL,NULL,2026-03-03 22:08:25.137,0
1109,697a73f8540ffc6503b18a26,NULL,NULL,2026-03-03 22:08:45.130,0
1110,testersets,NULL,NULL,2026-03-05 17:34:59.370,0
1111,12312312,NULL,NULL,2026-03-05 17:36:43.633,0
1112,5eb59571d84b730b01d4b2ca,NULL,NULL,2026-03-05 17:36:48.340,0
1113,68097549e4347f7fdce7ffd5,NULL,NULL,2026-03-05 17:39:13.033,0
1114,66e0585aeee549c122da5983,NULL,NULL,2026-03-05 17:39:48.367,0
1115,60ca13ec0bc197cf1fdef3d7,NULL,NULL,2026-03-05 17:40:08.490,0
1116,66294177a2d171c3a831f21a,NULL,NULL,2026-03-05 17:40:14.137,0
1117,5e2f5b28129198070e2996db,NULL,NULL,2026-03-05 17:40:53.820,0
1118,662fb42cc3458e96dee33181,NULL,NULL,2026-03-05 17:40:56.547,0
1119,646792a49a85f35e7a7f5169,NULL,NULL,2026-03-05 17:42:06.670,0
1120,6372d1f14a6bd3713c1c0acf,NULL,NULL,2026-03-05 17:50:32.740,0
1121,55b5f6b6fdf99b713277dc94,NULL,NULL,2026-03-05 17:52:48.540,0
1122,676427fa7d4ecfeff61b58fe,NULL,NULL,2026-03-05 17:53:04.093,0
1123,63c5c3192e709e19fc67d5dd,NULL,NULL,2026-03-05 17:58:15.333,0
1124,5f4813c94e8b081877fb26a6,NULL,NULL,2026-03-05 18:05:50.780,0
1125,671bbaf1bec15d847b871b9b,NULL,NULL,2026-03-05 18:11:19.793,0
1126,63a9a8f2f098b7e45bd03721,NULL,NULL,2026-03-05 18:17:15.890,0
1127,6369700320bc7dd22e733009,NULL,NULL,2026-03-05 18:20:30.190,0
1128,628f7e982aad1788d940317a,NULL,NULL,2026-03-05 18:21:28.813,0
1129,58c1ce3c3783090001b49355,NULL,NULL,2026-03-05 18:29:05.543,0
1130,696976654a70de0e638f9a20,NULL,NULL,2026-03-05 19:01:01.100,0
1131,5eac686d82cc012af1e953c7,NULL,NULL,2026-03-05 19:01:06.233,0
1132,6543afa5203e223a1e94efcd,NULL,NULL,2026-03-05 19:20:24.700,0
1133,66e32aaad05615cfd9fcbe48,NULL,NULL,2026-03-05 19:24:54.210,0
1134,66e60882afb732f6e17a6790,NULL,NULL,2026-03-05 20:15:39.600,0
1135,6959d5a0452fb017bbf5cba2,NULL,NULL,2026-03-05 20:21:40.503,0
1136,655b6992cfadb38c5e155316,NULL,NULL,2026-03-05 20:28:56.367,0
1137,695fbf505481740cf040bbe2,NULL,NULL,2026-03-05 20:41:06.267,0
1138,698b800e27e7c9d8b47ec9b1,NULL,NULL,2026-03-05 21:14:43.810,0
1139,699525cb94f2d3cdb15c0a80,NULL,NULL,2026-03-05 21:46:03.007,0
1140,698f957a940a246334203b47,NULL,NULL,2026-03-05 21:46:48.910,0
1141,67055b370e3c0c4965a03128,NULL,NULL,2026-03-05 21:48:29.950,0
1142,yufikgyiy,NULL,NULL,2026-03-06 04:01:24.247,0
1143,testing,NULL,NULL,2026-03-14 15:11:28.457,0
1144,testing90,NULL,NULL,2026-03-14 15:11:34.333,0
1145,testing898,NULL,NULL,2026-03-14 15:16:09.127,0
1146,testing 8989,NULL,NULL,2026-03-14 15:18:21.613,0
1147,5dd877b0568ca582fb24699f,NULL,NULL,2026-03-14 15:21:32.207,0
1148,60859f820e5009a67adb3921,NULL,NULL,2026-03-14 15:21:38.793,0
1149,664287debe4750708ea0ecf7,NULL,NULL,2026-03-14 15:21:42.870,0
1150,672970cd30bdfdbdde8824db,NULL,NULL,2026-03-14 15:21:46.190,0
1151,5cb67a7ab73e8a001507fae5,NULL,NULL,2026-03-14 15:21:54.867,0
1152,668c2c3b1c453af22c1e1e31,NULL,NULL,2026-03-14 15:22:01.013,0
1153,699a5875c790d6761693816a,NULL,NULL,2026-03-14 15:22:03.340,0
1154,671e55aeca0216c5762de35a,NULL,NULL,2026-03-14 15:22:26.147,0
1155,6266a849331cc893a5b22cf6,NULL,NULL,2026-03-14 15:22:36.330,0
1156,662f8a3bc02a7f164555439a,NULL,NULL,2026-03-14 15:22:37.607,0
1157,696a651a32c5d3c0adb0b7cc,NULL,NULL,2026-03-14 15:22:53.377,0
1158,66a83f244414aaec48b22552,NULL,NULL,2026-03-14 15:37:27.087,0
1159,5f980b24306ea30508dae65d,NULL,NULL,2026-03-14 15:37:41.093,0
1160,60fcc7651cb27f1770cc7ad2,NULL,NULL,2026-03-14 15:37:42.817,0
1161,5e6685e1ffed4c405a4db5d0,NULL,NULL,2026-03-14 15:37:49.730,0
1162,5d23cee7771223001647e8c7,NULL,NULL,2026-03-14 15:38:07.733,0
1163,5ed559e5afbd830e2117ed55,NULL,NULL,2026-03-14 15:38:15.837,0
1164,6400df45e639d203b8518cad,NULL,NULL,2026-03-14 15:38:18.433,0
1165,610008383c0a128712403745,NULL,NULL,2026-03-14 15:38:46.080,0
1166,5d537c0cecc84200153075e9,NULL,NULL,2026-03-14 15:39:24.487,0
1167,65b549c67c7791499c09f8a2,NULL,NULL,2026-03-14 15:39:43.683,0
1168,5beccd423b6489000156596f,NULL,NULL,2026-03-14 15:39:47.297,0
1169,6024c18b094ac71dd93f4f5a,NULL,NULL,2026-03-14 15:39:53.310,0
1170,6998abd731d2ec50d067d5bd,NULL,NULL,2026-03-14 15:39:54.807,0
1171,5d29d6bd30fa6f0015cd4a75,NULL,NULL,2026-03-14 15:40:02.743,0
1172,69934339b08d5f0fffb145f4,NULL,NULL,2026-03-14 15:40:13.557,0
1173,69a20ec7c6f01fa94b78c644,NULL,NULL,2026-03-14 15:40:15.530,0
1174,666ca8f24bc3a8e75b8f6ee2,NULL,NULL,2026-03-14 15:40:23.030,0
1175,5f171b6978c6ae032e458f06,NULL,NULL,2026-03-14 15:40:24.330,0
1176,5eacb97b5eaaf53389bfb8a2,NULL,NULL,2026-03-14 15:40:28.800,0
1177,67164d40becf6c95181afe97,NULL,NULL,2026-03-14 15:41:02.940,0
1178,62e02660c3ef175825ab7655,NULL,NULL,2026-03-14 15:41:33.807,0
1179,698373d773f229800dad9356,NULL,NULL,2026-03-14 15:41:35.327,0
1180,695ff4b3852c64a058ca6054,NULL,NULL,2026-03-14 15:42:30.203,0
1181,665f81442e9eb2f969a3a4b1,NULL,NULL,2026-03-14 15:42:31.507,0
1182,5d93b788fdfe9d001c00c255,NULL,NULL,2026-03-14 15:42:52.000,0
1183,5a0a02fba383a100011b4b5e,NULL,NULL,2026-03-14 15:43:22.147,0
1184,55d234b45bc5bc0005d9039d,NULL,NULL,2026-03-14 15:43:31.940,0
1185,5dcea4c3bc83380fe65dba2a,NULL,NULL,2026-03-14 15:43:41.240,0
1186,66f05e51545ecf68df96f480,NULL,NULL,2026-03-14 15:43:44.930,0
1187,66b3e078bef7d6dd6c53e015,NULL,NULL,2026-03-14 15:43:45.907,0
1188,5e6ca4b9a2b73d25c187ae61,NULL,NULL,2026-03-14 15:43:49.463,0
1189,6630e55b3b999569b5a36635,NULL,NULL,2026-03-14 15:43:55.850,0
1190,60bc8860d04f4ac80d319a5c,NULL,NULL,2026-03-14 15:44:05.960,0
1191,5e9f3deb12d01a0b806e57b7,NULL,NULL,2026-03-14 15:44:15.857,0
1192,69925949caa087a146b8dccd,NULL,NULL,2026-03-14 15:44:23.640,0
1193,695bd68349914a703c6a9e80,NULL,NULL,2026-03-14 15:44:25.553,0
1194,63483c4522d65d46028da7a7,NULL,NULL,2026-03-14 15:44:50.110,0
1195,69acf86d93afc119933913e5,NULL,NULL,2026-03-14 15:44:52.173,0
1196,615e420a23219efe3427a367,NULL,NULL,2026-03-14 15:45:07.457,0
1197,604db6324496c57afe822770,NULL,NULL,2026-03-14 15:45:13.813,0
1198,67e48f46ac070276b3bc9cfa,NULL,NULL,2026-03-14 15:45:21.407,0
1199,6989f01e85ed4cec632af20e,NULL,NULL,2026-03-14 15:45:30.990,0
1200,673e5fc42cbf961c153d09d3,NULL,NULL,2026-03-14 15:45:36.330,0
1201,66a12db44b0e92c34a80b5c6,NULL,NULL,2026-03-14 15:45:59.123,0
1202,5f4dc39ffc6fe9aa6901cc6d,NULL,NULL,2026-03-14 15:46:15.100,0
1203,6984a9d17c365f6f621d7fe7,NULL,NULL,2026-03-14 15:46:20.390,0
1204,604fe822b095421e07e3f93e,NULL,NULL,2026-03-14 15:46:39.120,0
1205,69adf22dc3c63cb295877200,NULL,NULL,2026-03-14 15:46:39.320,0
1206,680cf3759bbfca13d68e130a,NULL,NULL,2026-03-14 15:46:46.370,0
1207,69a5c500037701844052c365,NULL,NULL,2026-03-14 15:47:01.780,0
1208,6544ff9e0fb2eaaf83e2de5c,NULL,NULL,2026-03-14 15:47:04.160,0
1209,6332517a492e9ac48804f991,NULL,NULL,2026-03-14 15:47:13.887,0
1210,65fcab5ed252c205f819b116,NULL,NULL,2026-03-14 15:47:49.870,0
1211,5c309bb410677f0001dda0ed,NULL,NULL,2026-03-14 15:48:06.367,0
1212,6991e46740117ca6ef90cd7c,NULL,NULL,2026-03-14 15:48:25.563,0
1213,698bd173e4842a5bd8ad85bb,NULL,NULL,2026-03-14 15:48:44.637,0
1214,695f9da1eba3887a2214b9f6,NULL,NULL,2026-03-14 15:48:52.867,0
1215,66d1fdd400acfdbc181f41e0,NULL,NULL,2026-03-14 15:48:57.550,0
1216,656ea0d1171b158205065fbb,NULL,NULL,2026-03-14 15:49:08.643,0
1217,69ab54719141883544a6c1b6,NULL,NULL,2026-03-14 15:50:31.823,0
1218,67a610387d56a92a9e3757a5,NULL,NULL,2026-03-14 15:50:58.170,0
1219,63852fbf95d78ba25b99005e,NULL,NULL,2026-03-14 15:51:19.530,0
1220,66eb1a41306925cf993d6490,NULL,NULL,2026-03-14 15:51:31.263,0
1221,61084e45d53567348ae45e57,NULL,NULL,2026-03-14 15:52:19.560,0
1222,55fc2b4377f33b000ecb21ed,NULL,NULL,2026-03-14 15:52:39.967,0
1223,663cceb7909a43d4d01e0c24,NULL,NULL,2026-03-14 15:52:55.743,0
1224,5c2d187569ceff00011417de,NULL,NULL,2026-03-14 15:53:05.880,0
1225,69a5c155a852c9a8ab7762fa,NULL,NULL,2026-03-14 15:54:00.220,0
1226,67a7d4e19fee63cbe222ae02,NULL,NULL,2026-03-14 15:54:07.603,0
1227,671bfa2f8751aef24b7d0b3a,NULL,NULL,2026-03-14 15:54:30.223,0
1228,5ac5260dfa3b4e0001736dd3,NULL,NULL,2026-03-14 15:54:36.113,0
1229,6966aef7933ed17148cf77d0,NULL,NULL,2026-03-14 15:54:36.800,0
1230,60dfd857e293a99dd577f4c8,NULL,NULL,2026-03-14 15:54:40.823,0
1231,678af0a3161e3e871bbade54,NULL,NULL,2026-03-14 15:55:15.810,0
1232,5de7d12c26dd95000b6824c5,NULL,NULL,2026-03-14 15:55:27.753,0
1233,66b8cf43cc43c649a591c3b6,NULL,NULL,2026-03-14 15:55:35.280,0
1234,5dad4c34b3446a0015e3de93,NULL,NULL,2026-03-14 15:55:42.823,0
1235,671ab0904de8eb7273ae9d42,NULL,NULL,2026-03-14 15:57:19.463,0
1236,600c167e28de48080e812884,NULL,NULL,2026-03-14 15:57:28.983,0
1237,69ac82ae94c6c87d2180547f,NULL,NULL,2026-03-14 15:57:29.377,0
1238,672ca130c5f43c5ed7d5d4b8,NULL,NULL,2026-03-14 15:57:31.803,0
1239,67a5c89e37476046227e6616,NULL,NULL,2026-03-14 15:58:27.803,0
1240,5b9efb73d1ff7a00013bfe84,NULL,NULL,2026-03-14 16:00:36.810,0
1241,69863754c11c997c89afedf7,NULL,NULL,2026-03-14 16:00:57.403,0
1242,5fb156d6e16ee65ed2558d7c,NULL,NULL,2026-03-14 16:01:36.097,0
1243,69606ec5fd842b942ecc6932,NULL,NULL,2026-03-14 16:01:43.827,0
1244,559c3e07fdf99b32b55f2d8d,NULL,NULL,2026-03-14 16:01:52.757,0
1245,573b8bc2f3580b0006ce0986,NULL,NULL,2026-03-14 16:03:18.507,0
1246,662e66138060bf4a9db8c159,NULL,NULL,2026-03-14 16:04:22.233,0
1247,654a86d08714f739c9fcea21,NULL,NULL,2026-03-14 16:04:40.137,0
1248,69abace8fe8e1c23cb4aae7f,NULL,NULL,2026-03-14 16:04:44.640,0
1249,61bb396840db417c1a138e3d,NULL,NULL,2026-03-14 16:05:32.460,0
1250,698caa3dd8c53ba869e20089,NULL,NULL,2026-03-14 16:06:14.737,0
1251,6944c2d67b5767d9b4e3522d,NULL,NULL,2026-03-14 16:06:34.900,0
1252,5ced23c585712e00190bd98a,NULL,NULL,2026-03-14 16:06:36.160,0
1253,69a65cb77a65aab485084932,NULL,NULL,2026-03-14 16:07:25.780,0
1254,55aeaeb3fdf99b5c769f1f7c,NULL,NULL,2026-03-14 16:07:28.443,0
1255,6983d70423bcb8acb217e6c9,NULL,NULL,2026-03-14 16:07:37.303,0
1256,698b56669942057664689445,NULL,NULL,2026-03-14 16:08:04.700,0
1257,56a68b2d9ce1c0000cf89299,NULL,NULL,2026-03-14 16:11:01.470,0
1258,5ee2e7bf21501a83d55642cd,NULL,NULL,2026-03-14 16:11:58.810,0
1259,69b473c6ef06fe86d13fca62,NULL,NULL,2026-03-14 16:12:21.380,0
1260,66e8661e0c5e57cda7bf2d39,NULL,NULL,2026-03-14 16:13:34.440,0
1261,6664a1634453306b040667c8,NULL,NULL,2026-03-14 16:14:00.273,0
1262,5f03b9bb0207bf5ee50faf41,NULL,NULL,2026-03-14 16:14:07.287,0
1263,5ecc6ffce3ca77849333e83e,NULL,NULL,2026-03-14 16:14:32.557,0
1264,63fa47854a6eae0d497059e5,NULL,NULL,2026-03-14 16:15:23.383,0
1265,5d9ea13f25b04c0016961421,NULL,NULL,2026-03-14 16:16:15.917,0
1266,5ce42b3454e33d001918923a,NULL,NULL,2026-03-14 16:18:29.120,0
1267,69adc20056851fd7e8fc3ccf,NULL,NULL,2026-03-14 16:18:40.833,0
1268,69b306d0aabcb968f7ca7ec5,NULL,NULL,2026-03-14 16:19:15.127,0
1269,66362c599c58570d437989ca,NULL,NULL,2026-03-14 16:19:46.190,0
1270,5ff591cba89e1b000bfb9852,NULL,NULL,2026-03-14 16:19:46.660,0
1271,69a2031dab8373c829ee7358,NULL,NULL,2026-03-14 16:23:23.300,0
1272,69a487baa6a180f22544ba20,NULL,NULL,2026-03-14 16:24:46.650,0
1273,6780099a3882d9a086755003,NULL,NULL,2026-03-14 16:26:46.313,0
1274,67daaf1bd5692a92530dcadb,NULL,NULL,2026-03-14 16:28:59.527,0
1275,6606f138695c55157b90291c,NULL,NULL,2026-03-14 16:29:06.027,0
1276,58cbd0a55d42920001414dd3,NULL,NULL,2026-03-14 16:31:47.547,0
1277,697ed59824964096e537d7d3,NULL,NULL,2026-03-14 16:32:09.833,0
1278,5bd8fabf544d4f000141d94d,NULL,NULL,2026-03-14 16:33:38.040,0
1279,69829bc1224b28f0538900d5,NULL,NULL,2026-03-14 16:33:47.240,0
1280,5b4d64a9b8b20a00015a850e,NULL,NULL,2026-03-14 16:36:13.980,0
1281,5fab3afc780978629141d35f,NULL,NULL,2026-03-14 16:38:36.603,0
1282,67aa52dcb66d138fca70a211,NULL,NULL,2026-03-14 16:41:53.193,0
1283,6705977e4d70a709a02b2b4f,NULL,NULL,2026-03-14 16:44:50.870,0
1284,66d395c19ecb2d5c8acc6680,NULL,NULL,2026-03-14 16:46:44.767,0
1285,695fc3adc91e0de4df9e63e8,NULL,NULL,2026-03-14 16:49:10.130,0
1286,694045a6d8c5a7135d7f729a,NULL,NULL,2026-03-14 16:51:23.633,0
1287,5c3a5a61fc2bdf00017714a2,NULL,NULL,2026-03-14 16:51:39.717,0
1288,695fce61010f0b6fd2766b0b,NULL,NULL,2026-03-14 16:58:01.450,0
1289,5c01dc58067bbf00019bb318,NULL,NULL,2026-03-14 17:07:42.460,0
1290,5d329756062745001921494a,NULL,NULL,2026-03-14 17:11:08.827,0
1291,67a8180879799b283e4ae296,NULL,NULL,2026-03-14 17:35:00.467,0
1292,66293af123d55f1dadad5ceb,NULL,NULL,2026-03-14 17:48:52.983,0
1293,67ca0f025ac00bea9d6fa2ff,NULL,NULL,2026-03-14 17:53:04.517,0
1294,5a0efb83ab721b0001ef8509,NULL,NULL,2026-03-14 17:59:35.297,0
1295,66d8b0d36ce7d36e6f850028,NULL,NULL,2026-03-14 18:04:52.980,0
1296,663a5fd6be8d75132d5c3e73,NULL,NULL,2026-03-14 18:14:23.077,0
1297,67e6bc676fb4db70edc23b5b,NULL,NULL,2026-03-14 18:19:08.200,0
1298,662687fc152ffe3df23453e4,NULL,NULL,2026-03-14 18:28:29.127,0
1299,5f4a4da1575d605c43bef871,NULL,NULL,2026-03-14 18:53:35.350,0
1300,69a5e6f586d61f0e699b64b5,NULL,NULL,2026-03-14 18:57:53.270,0
1301,699272bdfe904d1053d03405,NULL,NULL,2026-03-14 19:36:03.410,0
1302,5c6ae4c31b9d0e000190bacc,NULL,NULL,2026-03-14 20:40:58.597,0
1303,69953458bd746094a67ced96,NULL,NULL,2026-03-14 20:41:01.783,0
1304,63ed0065eb23ac3ee1726453,NULL,NULL,2026-03-14 20:41:08.970,0
1305,6933a234773555df88857a03,NULL,NULL,2026-03-14 20:41:11.400,0
1306,69b264cfdba6411a9e84a104,NULL,NULL,2026-03-14 20:41:32.310,0
1307,6942a793a0943732e26bc8a2,NULL,NULL,2026-03-14 20:46:34.977,0
1308,655e3d32d5562c5520717cfc,NULL,NULL,2026-03-14 20:50:58.857,0
1309,652359572fd30ff57dfea7fb,NULL,NULL,2026-03-14 21:06:45.230,0
1310,56d39b96da2aaa000dab6178,NULL,NULL,2026-03-14 21:58:24.430,0
1311,6717f0ac88d9f27d9b79af31,NULL,NULL,2026-03-14 22:03:09.393,0
1312,60b7a77ccd6f5c19f13e83e6,NULL,NULL,2026-03-14 22:24:21.543,0
1313,5e87b4d3e28032100ce68eec,NULL,NULL,2026-03-14 22:29:56.553,0
1314,614becce61f2753af92727bb,NULL,NULL,2026-03-14 22:39:37.553,0
1315,6932f8200cc88ea0570aabba,NULL,NULL,2026-03-14 22:51:33.437,0
1316,671bfaa7d312fef1ab1d7fa0,NULL,NULL,2026-03-14 23:16:30.883,0
1317,6165ab1d62dc48b90438ea1d,NULL,NULL,2026-03-14 23:44:36.610,0
1318,111121,NULL,NULL,2026-03-17 18:48:34.213,0
1319,14124214,NULL,NULL,2026-03-17 19:08:47.403,0
